0 verbose cli C:\Program Files\nodejs\node.exe C:\Program Files\nodejs\node_modules\npm\bin\npm-cli.js
1 info using npm@11.12.1
2 info using node@v24.15.0
3 silly config load:file:C:\Program Files\nodejs\node_modules\npm\npmrc
4 silly config load:file:C:\Users\X1mon\WebstormProjects\ITMO-AIT-Frontend-2026\J3211\Быков Владимир\labs\lab3\.npmrc
5 silly config load:file:C:\Users\X1mon\.npmrc
6 silly config load:file:C:\Users\X1mon\AppData\Roaming\npm\etc\npmrc
7 verbose title npm install
8 verbose argv "install" "--cache" ".\\.npm-cache"
9 verbose logfile logs-max:10 dir:C:\Users\X1mon\WebstormProjects\ITMO-AIT-Frontend-2026\J3211\Быков Владимир\labs\lab3\.npm-cache\_logs\2026-05-25T12_19_30_871Z-
10 verbose logfile C:\Users\X1mon\WebstormProjects\ITMO-AIT-Frontend-2026\J3211\Быков Владимир\labs\lab3\.npm-cache\_logs\2026-05-25T12_19_30_871Z-debug-0.log
11 silly logfile done cleaning log files
12 silly packumentCache heap:4496293888 maxSize:1124073472 maxEntrySize:562036736
13 silly idealTree buildDeps
14 silly fetch manifest @vitejs/plugin-vue@^5.2.3
15 silly packumentCache full:https://registry.npmjs.org/@vitejs%2fplugin-vue cache-miss
16 http fetch GET 200 https://registry.npmjs.org/@vitejs%2fplugin-vue 320ms (cache miss)
17 silly packumentCache full:https://registry.npmjs.org/@vitejs%2fplugin-vue set size:undefined disposed:false
18 silly fetch manifest vite@^6.2.0
19 silly packumentCache full:https://registry.npmjs.org/vite cache-miss
20 http fetch GET 200 https://registry.npmjs.org/npm 393ms
21 http fetch GET 200 https://registry.npmjs.org/vite 1387ms (cache miss)
22 silly packumentCache full:https://registry.npmjs.org/vite set size:undefined disposed:false
23 silly fetch manifest @types/node@^18.0.0 || ^20.0.0 || >=22.0.0
24 silly packumentCache full:https://registry.npmjs.org/@types%2fnode cache-miss
25 http fetch GET 200 https://registry.npmjs.org/@types%2fnode 512ms (cache miss)
26 silly packumentCache full:https://registry.npmjs.org/@types%2fnode set size:undefined disposed:false
27 silly fetch manifest jiti@>=1.21.0
28 silly packumentCache full:https://registry.npmjs.org/jiti cache-miss
29 http fetch GET 200 https://registry.npmjs.org/jiti 79ms (cache miss)
30 silly packumentCache full:https://registry.npmjs.org/jiti set size:undefined disposed:false
31 silly fetch manifest less@*
32 silly packumentCache full:https://registry.npmjs.org/less cache-miss
33 http fetch GET 200 https://registry.npmjs.org/less 94ms (cache miss)
34 silly packumentCache full:https://registry.npmjs.org/less set size:undefined disposed:false
35 silly fetch manifest lightningcss@^1.21.0
36 silly packumentCache full:https://registry.npmjs.org/lightningcss cache-miss
37 http fetch GET 200 https://registry.npmjs.org/lightningcss 74ms (cache miss)
38 silly packumentCache full:https://registry.npmjs.org/lightningcss set size:undefined disposed:false
39 silly fetch manifest sass@*
40 silly packumentCache full:https://registry.npmjs.org/sass cache-miss
41 http fetch GET 200 https://registry.npmjs.org/sass 100ms (cache miss)
42 silly packumentCache full:https://registry.npmjs.org/sass set size:undefined disposed:false
43 silly fetch manifest sass-embedded@*
44 silly packumentCache full:https://registry.npmjs.org/sass-embedded cache-miss
45 http fetch GET 200 https://registry.npmjs.org/sass-embedded 120ms (cache miss)
46 silly packumentCache full:https://registry.npmjs.org/sass-embedded set size:undefined disposed:false
47 silly fetch manifest stylus@*
48 silly packumentCache full:https://registry.npmjs.org/stylus cache-miss
49 http fetch GET 200 https://registry.npmjs.org/stylus 94ms (cache miss)
50 silly packumentCache full:https://registry.npmjs.org/stylus set size:undefined disposed:false
51 silly fetch manifest sugarss@*
52 silly packumentCache full:https://registry.npmjs.org/sugarss cache-miss
53 http fetch GET 200 https://registry.npmjs.org/sugarss 68ms (cache miss)
54 silly packumentCache full:https://registry.npmjs.org/sugarss set size:undefined disposed:false
55 silly fetch manifest postcss@^8.3.3
56 silly packumentCache full:https://registry.npmjs.org/postcss cache-miss
57 http fetch GET 200 https://registry.npmjs.org/postcss 89ms (cache miss)
58 silly packumentCache full:https://registry.npmjs.org/postcss set size:undefined disposed:false
59 silly fetch manifest terser@^5.16.0
60 silly packumentCache full:https://registry.npmjs.org/terser cache-miss
61 http fetch GET 200 https://registry.npmjs.org/terser 504ms (cache miss)
62 silly packumentCache full:https://registry.npmjs.org/terser set size:undefined disposed:false
63 silly fetch manifest tsx@^4.8.1
64 silly packumentCache full:https://registry.npmjs.org/tsx cache-miss
65 http fetch GET 200 https://registry.npmjs.org/tsx 114ms (cache miss)
66 silly packumentCache full:https://registry.npmjs.org/tsx set size:undefined disposed:false
67 silly fetch manifest yaml@^2.4.2
68 silly packumentCache full:https://registry.npmjs.org/yaml cache-miss
69 http fetch GET 200 https://registry.npmjs.org/yaml 128ms (cache miss)
70 silly packumentCache full:https://registry.npmjs.org/yaml set size:undefined disposed:false
71 silly fetch manifest vue@^3.5.13
72 silly packumentCache full:https://registry.npmjs.org/vue cache-miss
73 http fetch GET 200 https://registry.npmjs.org/vue 181ms (cache miss)
74 silly packumentCache full:https://registry.npmjs.org/vue set size:undefined disposed:false
75 silly fetch manifest typescript@*
76 silly packumentCache full:https://registry.npmjs.org/typescript cache-miss
77 http fetch GET 200 https://registry.npmjs.org/typescript 1160ms (cache miss)
78 silly packumentCache full:https://registry.npmjs.org/typescript set size:undefined disposed:false
79 silly fetch manifest axios@^1.8.4
80 silly packumentCache full:https://registry.npmjs.org/axios cache-miss
81 http fetch GET 200 https://registry.npmjs.org/axios 88ms (cache miss)
82 silly packumentCache full:https://registry.npmjs.org/axios set size:undefined disposed:false
83 silly fetch manifest json-server@^0.17.0
84 silly packumentCache full:https://registry.npmjs.org/json-server cache-miss
85 http fetch GET 200 https://registry.npmjs.org/json-server 94ms (cache miss)
86 silly packumentCache full:https://registry.npmjs.org/json-server set size:undefined disposed:false
87 silly fetch manifest json-server-auth@^2.1.0
88 silly packumentCache full:https://registry.npmjs.org/json-server-auth cache-miss
89 http fetch GET 200 https://registry.npmjs.org/json-server-auth 62ms (cache miss)
90 silly packumentCache full:https://registry.npmjs.org/json-server-auth set size:undefined disposed:false
91 silly fetch manifest vue-router@^4.5.0
92 silly packumentCache full:https://registry.npmjs.org/vue-router cache-miss
93 http fetch GET 200 https://registry.npmjs.org/vue-router 140ms (cache miss)
94 silly packumentCache full:https://registry.npmjs.org/vue-router set size:undefined disposed:false
95 silly placeDep ROOT @vitejs/plugin-vue@5.2.4 OK for: datamark-lab3@1.0.0 want: ^5.2.3
96 silly placeDep ROOT vue@3.5.34 OK for: @vitejs/plugin-vue@5.2.4 want: ^3.2.25
97 silly placeDep ROOT vite@6.4.2 OK for: @vitejs/plugin-vue@5.2.4 want: ^5.0.0 || ^6.0.0
98 silly placeDep ROOT axios@1.16.1 OK for: datamark-lab3@1.0.0 want: ^1.8.4
99 silly placeDep ROOT json-server@0.17.4 OK for: datamark-lab3@1.0.0 want: ^0.17.0
100 silly placeDep ROOT json-server-auth@2.1.0 OK for: datamark-lab3@1.0.0 want: ^2.1.0
101 silly placeDep ROOT vue-router@4.6.4 OK for: datamark-lab3@1.0.0 want: ^4.5.0
102 silly fetch manifest fdir@^6.4.4
103 silly packumentCache full:https://registry.npmjs.org/fdir cache-miss
104 silly fetch manifest rollup@^4.34.9
105 silly packumentCache full:https://registry.npmjs.org/rollup cache-miss
106 silly fetch manifest esbuild@^0.25.0
107 silly packumentCache full:https://registry.npmjs.org/esbuild cache-miss
108 silly fetch manifest postcss@^8.5.3
109 silly packumentCache full:https://registry.npmjs.org/postcss cache-miss
110 silly fetch manifest picomatch@^4.0.2
111 silly packumentCache full:https://registry.npmjs.org/picomatch cache-miss
112 silly fetch manifest tinyglobby@^0.2.13
113 silly packumentCache full:https://registry.npmjs.org/tinyglobby cache-miss
114 silly fetch manifest fsevents@~2.3.3
115 silly packumentCache full:https://registry.npmjs.org/fsevents cache-miss
116 silly fetch manifest @vue/shared@3.5.34
117 silly packumentCache full:https://registry.npmjs.org/@vue%2fshared cache-miss
118 silly fetch manifest @vue/runtime-dom@3.5.34
119 silly packumentCache full:https://registry.npmjs.org/@vue%2fruntime-dom cache-miss
120 silly fetch manifest @vue/compiler-dom@3.5.34
121 silly packumentCache full:https://registry.npmjs.org/@vue%2fcompiler-dom cache-miss
122 silly fetch manifest @vue/compiler-sfc@3.5.34
123 silly packumentCache full:https://registry.npmjs.org/@vue%2fcompiler-sfc cache-miss
124 silly fetch manifest @vue/server-renderer@3.5.34
125 silly packumentCache full:https://registry.npmjs.org/@vue%2fserver-renderer cache-miss
126 silly fetch manifest follow-redirects@^1.16.0
127 silly packumentCache full:https://registry.npmjs.org/follow-redirects cache-miss
128 silly fetch manifest form-data@^4.0.5
129 silly packumentCache full:https://registry.npmjs.org/form-data cache-miss
130 silly fetch manifest https-proxy-agent@^5.0.1
131 silly packumentCache full:https://registry.npmjs.org/https-proxy-agent cache-miss
132 http cache https://registry.npmjs.org/postcss 83ms (cache hit)
133 silly packumentCache full:https://registry.npmjs.org/postcss set size:723316 disposed:false
134 silly fetch manifest proxy-from-env@^2.1.0
135 silly packumentCache full:https://registry.npmjs.org/proxy-from-env cache-miss
136 http fetch GET 200 https://registry.npmjs.org/fdir 109ms (cache miss)
137 silly packumentCache full:https://registry.npmjs.org/fdir set size:undefined disposed:false
138 silly fetch manifest cors@^2.8.5
139 silly packumentCache full:https://registry.npmjs.org/cors cache-miss
140 http fetch GET 200 https://registry.npmjs.org/proxy-from-env 83ms (cache miss)
141 silly packumentCache full:https://registry.npmjs.org/proxy-from-env set size:undefined disposed:false
142 silly fetch manifest chalk@^4.1.2
143 silly packumentCache full:https://registry.npmjs.org/chalk cache-miss
144 http fetch GET 200 https://registry.npmjs.org/tinyglobby 236ms (cache miss)
145 silly packumentCache full:https://registry.npmjs.org/tinyglobby set size:undefined disposed:false
146 silly fetch manifest lowdb@^1.0.0
147 silly packumentCache full:https://registry.npmjs.org/lowdb cache-miss
148 http fetch GET 200 https://registry.npmjs.org/chalk 113ms (cache miss)
149 silly packumentCache full:https://registry.npmjs.org/chalk set size:undefined disposed:false
150 silly fetch manifest yargs@^17.0.1
151 silly packumentCache full:https://registry.npmjs.org/yargs cache-miss
152 http fetch GET 200 https://registry.npmjs.org/https-proxy-agent 302ms (cache miss)
153 silly packumentCache full:https://registry.npmjs.org/https-proxy-agent set size:undefined disposed:false
154 silly fetch manifest lodash@^4.17.21
155 silly packumentCache full:https://registry.npmjs.org/lodash cache-miss
156 http fetch GET 200 https://registry.npmjs.org/form-data 308ms (cache miss)
157 silly packumentCache full:https://registry.npmjs.org/form-data set size:undefined disposed:false
158 silly fetch manifest morgan@^1.10.0
159 silly packumentCache full:https://registry.npmjs.org/morgan cache-miss
160 http fetch GET 200 https://registry.npmjs.org/picomatch 318ms (cache miss)
161 silly packumentCache full:https://registry.npmjs.org/picomatch set size:undefined disposed:false
162 silly fetch manifest nanoid@^3.1.23
163 silly packumentCache full:https://registry.npmjs.org/nanoid cache-miss
164 http fetch GET 200 https://registry.npmjs.org/follow-redirects 338ms (cache miss)
165 silly packumentCache full:https://registry.npmjs.org/follow-redirects set size:undefined disposed:false
166 silly fetch manifest express@^4.17.1
167 silly packumentCache full:https://registry.npmjs.org/express cache-miss
168 http fetch GET 200 https://registry.npmjs.org/fsevents 350ms (cache miss)
169 silly packumentCache full:https://registry.npmjs.org/fsevents set size:undefined disposed:false
170 silly fetch manifest lodash-id@^0.14.1
171 silly packumentCache full:https://registry.npmjs.org/lodash-id cache-miss
172 http fetch GET 200 https://registry.npmjs.org/cors 246ms (cache miss)
173 silly packumentCache full:https://registry.npmjs.org/cors set size:undefined disposed:false
174 silly fetch manifest pluralize@^8.0.0
175 silly packumentCache full:https://registry.npmjs.org/pluralize cache-miss
176 http fetch GET 200 https://registry.npmjs.org/lowdb 142ms (cache miss)
177 silly packumentCache full:https://registry.npmjs.org/lowdb set size:undefined disposed:false
178 silly fetch manifest body-parser@^1.19.0
179 silly packumentCache full:https://registry.npmjs.org/body-parser cache-miss
180 http fetch GET 200 https://registry.npmjs.org/morgan 112ms (cache miss)
181 silly packumentCache full:https://registry.npmjs.org/morgan set size:undefined disposed:false
182 silly fetch manifest compression@^1.7.4
183 silly packumentCache full:https://registry.npmjs.org/compression cache-miss
184 http fetch GET 200 https://registry.npmjs.org/lodash 127ms (cache miss)
185 silly packumentCache full:https://registry.npmjs.org/lodash set size:undefined disposed:false
186 silly fetch manifest errorhandler@^1.5.1
187 silly packumentCache full:https://registry.npmjs.org/errorhandler cache-miss
188 http fetch GET 200 https://registry.npmjs.org/@vue%2fshared 450ms (cache miss)
189 silly packumentCache full:https://registry.npmjs.org/@vue%2fshared set size:undefined disposed:false
190 silly fetch manifest connect-pause@^0.1.1
191 silly packumentCache full:https://registry.npmjs.org/connect-pause cache-miss
192 http fetch GET 200 https://registry.npmjs.org/@vue%2fserver-renderer 457ms (cache miss)
193 silly packumentCache full:https://registry.npmjs.org/@vue%2fserver-renderer set size:undefined disposed:false
194 silly fetch manifest server-destroy@^1.0.1
195 silly packumentCache full:https://registry.npmjs.org/server-destroy cache-miss
196 http fetch GET 200 https://registry.npmjs.org/lodash-id 111ms (cache miss)
197 silly packumentCache full:https://registry.npmjs.org/lodash-id set size:undefined disposed:false
198 silly fetch manifest method-override@^3.0.0
199 silly packumentCache full:https://registry.npmjs.org/method-override cache-miss
200 http fetch GET 200 https://registry.npmjs.org/@vue%2fruntime-dom 465ms (cache miss)
201 silly packumentCache full:https://registry.npmjs.org/@vue%2fruntime-dom set size:undefined disposed:false
202 silly fetch manifest express-urlrewrite@^1.4.0
203 silly packumentCache full:https://registry.npmjs.org/express-urlrewrite cache-miss
204 http fetch GET 200 https://registry.npmjs.org/pluralize 116ms (cache miss)
205 silly packumentCache full:https://registry.npmjs.org/pluralize set size:undefined disposed:false
206 silly fetch manifest please-upgrade-node@^3.2.0
207 silly packumentCache full:https://registry.npmjs.org/please-upgrade-node cache-miss
208 http fetch GET 200 https://registry.npmjs.org/yargs 183ms (cache miss)
209 silly packumentCache full:https://registry.npmjs.org/yargs set size:undefined disposed:false
210 silly fetch manifest json-parse-helpfulerror@^1.0.3
211 silly packumentCache full:https://registry.npmjs.org/json-parse-helpfulerror cache-miss
212 http fetch GET 200 https://registry.npmjs.org/@vue%2fcompiler-dom 487ms (cache miss)
213 silly packumentCache full:https://registry.npmjs.org/@vue%2fcompiler-dom set size:undefined disposed:false
214 silly fetch manifest bcryptjs@^2.4.3
215 silly packumentCache full:https://registry.npmjs.org/bcryptjs cache-miss
216 http fetch GET 200 https://registry.npmjs.org/nanoid 179ms (cache miss)
217 silly packumentCache full:https://registry.npmjs.org/nanoid set size:undefined disposed:false
218 silly fetch manifest jsonwebtoken@^8.5.1
219 silly packumentCache full:https://registry.npmjs.org/jsonwebtoken cache-miss
220 http fetch GET 200 https://registry.npmjs.org/esbuild 520ms (cache miss)
221 silly packumentCache full:https://registry.npmjs.org/esbuild set size:undefined disposed:false
222 silly fetch manifest yargs@^16.2.0
223 silly packumentCache full:https://registry.npmjs.org/yargs cache-miss
224 http fetch GET 200 https://registry.npmjs.org/@vue%2fcompiler-sfc 530ms (cache miss)
225 silly packumentCache full:https://registry.npmjs.org/@vue%2fcompiler-sfc set size:undefined disposed:false
226 silly fetch manifest @vue/devtools-api@^6.6.4
227 silly packumentCache full:https://registry.npmjs.org/@vue%2fdevtools-api cache-miss
228 http fetch GET 200 https://registry.npmjs.org/body-parser 154ms (cache miss)
229 silly packumentCache full:https://registry.npmjs.org/body-parser set size:undefined disposed:false
230 http fetch GET 200 https://registry.npmjs.org/connect-pause 94ms (cache miss)
231 silly packumentCache full:https://registry.npmjs.org/connect-pause set size:undefined disposed:false
232 http cache https://registry.npmjs.org/yargs 26ms (cache hit)
233 silly packumentCache full:https://registry.npmjs.org/yargs set size:743056 disposed:false
234 http fetch GET 200 https://registry.npmjs.org/server-destroy 98ms (cache miss)
235 silly packumentCache full:https://registry.npmjs.org/server-destroy set size:undefined disposed:false
236 http fetch GET 200 https://registry.npmjs.org/method-override 100ms (cache miss)
237 silly packumentCache full:https://registry.npmjs.org/method-override set size:undefined disposed:false
238 http fetch GET 200 https://registry.npmjs.org/rollup 570ms (cache miss)
239 silly packumentCache full:https://registry.npmjs.org/rollup set size:undefined disposed:false
240 http fetch GET 200 https://registry.npmjs.org/bcryptjs 123ms (cache miss)
241 silly packumentCache full:https://registry.npmjs.org/bcryptjs set size:undefined disposed:false
242 http fetch GET 200 https://registry.npmjs.org/express 276ms (cache miss)
243 silly packumentCache full:https://registry.npmjs.org/express set size:undefined disposed:false
244 http fetch GET 200 https://registry.npmjs.org/jsonwebtoken 132ms (cache miss)
245 silly packumentCache full:https://registry.npmjs.org/jsonwebtoken set size:undefined disposed:false
246 http fetch GET 200 https://registry.npmjs.org/@vue%2fdevtools-api 105ms (cache miss)
247 silly packumentCache full:https://registry.npmjs.org/@vue%2fdevtools-api set size:undefined disposed:false
248 http fetch GET 200 https://registry.npmjs.org/errorhandler 221ms (cache miss)
249 silly packumentCache full:https://registry.npmjs.org/errorhandler set size:undefined disposed:false
250 http fetch GET 200 https://registry.npmjs.org/compression 351ms (cache miss)
251 silly packumentCache full:https://registry.npmjs.org/compression set size:undefined disposed:false
252 http fetch GET 200 https://registry.npmjs.org/json-parse-helpfulerror 322ms (cache miss)
253 silly packumentCache full:https://registry.npmjs.org/json-parse-helpfulerror set size:undefined disposed:false
254 http fetch GET 200 https://registry.npmjs.org/please-upgrade-node 341ms (cache miss)
255 silly packumentCache full:https://registry.npmjs.org/please-upgrade-node set size:undefined disposed:false
256 http fetch GET 200 https://registry.npmjs.org/express-urlrewrite 346ms (cache miss)
257 silly packumentCache full:https://registry.npmjs.org/express-urlrewrite set size:undefined disposed:false
258 silly placeDep ROOT follow-redirects@1.16.0 OK for: axios@1.16.1 want: ^1.16.0
259 silly placeDep ROOT form-data@4.0.5 OK for: axios@1.16.1 want: ^4.0.5
260 silly placeDep ROOT https-proxy-agent@5.0.1 OK for: axios@1.16.1 want: ^5.0.1
261 silly placeDep ROOT proxy-from-env@2.1.0 OK for: axios@1.16.1 want: ^2.1.0
262 silly fetch manifest asynckit@^0.4.0
263 silly packumentCache full:https://registry.npmjs.org/asynckit cache-miss
264 silly fetch manifest combined-stream@^1.0.8
265 silly packumentCache full:https://registry.npmjs.org/combined-stream cache-miss
266 silly fetch manifest es-set-tostringtag@^2.1.0
267 silly packumentCache full:https://registry.npmjs.org/es-set-tostringtag cache-miss
268 silly fetch manifest hasown@^2.0.2
269 silly packumentCache full:https://registry.npmjs.org/hasown cache-miss
270 silly fetch manifest mime-types@^2.1.12
271 silly packumentCache full:https://registry.npmjs.org/mime-types cache-miss
272 silly fetch manifest debug@4
273 silly packumentCache full:https://registry.npmjs.org/debug cache-miss
274 silly fetch manifest agent-base@6
275 silly packumentCache full:https://registry.npmjs.org/agent-base cache-miss
276 http fetch GET 200 https://registry.npmjs.org/hasown 71ms (cache miss)
277 silly packumentCache full:https://registry.npmjs.org/hasown set size:undefined disposed:false
278 http fetch GET 200 https://registry.npmjs.org/es-set-tostringtag 73ms (cache miss)
279 silly packumentCache full:https://registry.npmjs.org/es-set-tostringtag set size:undefined disposed:false
280 http fetch GET 200 https://registry.npmjs.org/combined-stream 77ms (cache miss)
281 silly packumentCache full:https://registry.npmjs.org/combined-stream set size:undefined disposed:false
282 http fetch GET 200 https://registry.npmjs.org/asynckit 80ms (cache miss)
283 silly packumentCache full:https://registry.npmjs.org/asynckit set size:undefined disposed:false
284 http fetch GET 200 https://registry.npmjs.org/mime-types 80ms (cache miss)
285 silly packumentCache full:https://registry.npmjs.org/mime-types set size:undefined disposed:false
286 http fetch GET 200 https://registry.npmjs.org/debug 84ms (cache miss)
287 silly packumentCache full:https://registry.npmjs.org/debug set size:undefined disposed:false
288 http fetch GET 200 https://registry.npmjs.org/agent-base 90ms (cache miss)
289 silly packumentCache full:https://registry.npmjs.org/agent-base set size:undefined disposed:false
290 silly placeDep ROOT asynckit@0.4.0 OK for: form-data@4.0.5 want: ^0.4.0
291 silly placeDep ROOT combined-stream@1.0.8 OK for: form-data@4.0.5 want: ^1.0.8
292 silly placeDep ROOT es-set-tostringtag@2.1.0 OK for: form-data@4.0.5 want: ^2.1.0
293 silly placeDep ROOT hasown@2.0.3 OK for: form-data@4.0.5 want: ^2.0.2
294 silly placeDep ROOT mime-types@2.1.35 OK for: form-data@4.0.5 want: ^2.1.12
295 silly fetch manifest delayed-stream@~1.0.0
296 silly packumentCache full:https://registry.npmjs.org/delayed-stream cache-miss
297 silly fetch manifest es-errors@^1.3.0
298 silly packumentCache full:https://registry.npmjs.org/es-errors cache-miss
299 silly fetch manifest get-intrinsic@^1.2.6
300 silly packumentCache full:https://registry.npmjs.org/get-intrinsic cache-miss
301 silly fetch manifest has-tostringtag@^1.0.2
302 silly packumentCache full:https://registry.npmjs.org/has-tostringtag cache-miss
303 silly fetch manifest function-bind@^1.1.2
304 silly packumentCache full:https://registry.npmjs.org/function-bind cache-miss
305 silly fetch manifest mime-db@1.52.0
306 silly packumentCache full:https://registry.npmjs.org/mime-db cache-miss
307 http fetch GET 200 https://registry.npmjs.org/function-bind 72ms (cache miss)
308 silly packumentCache full:https://registry.npmjs.org/function-bind set size:undefined disposed:false
309 http fetch GET 200 https://registry.npmjs.org/has-tostringtag 77ms (cache miss)
310 silly packumentCache full:https://registry.npmjs.org/has-tostringtag set size:undefined disposed:false
311 http fetch GET 200 https://registry.npmjs.org/get-intrinsic 79ms (cache miss)
312 silly packumentCache full:https://registry.npmjs.org/get-intrinsic set size:undefined disposed:false
313 http fetch GET 200 https://registry.npmjs.org/delayed-stream 81ms (cache miss)
314 silly packumentCache full:https://registry.npmjs.org/delayed-stream set size:undefined disposed:false
315 http fetch GET 200 https://registry.npmjs.org/mime-db 81ms (cache miss)
316 silly packumentCache full:https://registry.npmjs.org/mime-db set size:undefined disposed:false
317 http fetch GET 200 https://registry.npmjs.org/es-errors 90ms (cache miss)
318 silly packumentCache full:https://registry.npmjs.org/es-errors set size:undefined disposed:false
319 silly placeDep ROOT delayed-stream@1.0.0 OK for: combined-stream@1.0.8 want: ~1.0.0
320 silly placeDep ROOT es-errors@1.3.0 OK for: es-set-tostringtag@2.1.0 want: ^1.3.0
321 silly placeDep ROOT get-intrinsic@1.3.0 OK for: es-set-tostringtag@2.1.0 want: ^1.2.6
322 silly placeDep ROOT has-tostringtag@1.0.2 OK for: es-set-tostringtag@2.1.0 want: ^1.0.2
323 silly fetch manifest gopd@^1.2.0
324 silly packumentCache full:https://registry.npmjs.org/gopd cache-miss
325 silly fetch manifest get-proto@^1.0.1
326 silly packumentCache full:https://registry.npmjs.org/get-proto cache-miss
327 silly fetch manifest has-symbols@^1.1.0
328 silly packumentCache full:https://registry.npmjs.org/has-symbols cache-miss
329 silly fetch manifest es-object-atoms@^1.1.1
330 silly packumentCache full:https://registry.npmjs.org/es-object-atoms cache-miss
331 silly fetch manifest math-intrinsics@^1.1.0
332 silly packumentCache full:https://registry.npmjs.org/math-intrinsics cache-miss
333 silly fetch manifest es-define-property@^1.0.1
334 silly packumentCache full:https://registry.npmjs.org/es-define-property cache-miss
335 silly fetch manifest call-bind-apply-helpers@^1.0.2
336 silly packumentCache full:https://registry.npmjs.org/call-bind-apply-helpers cache-miss
337 silly fetch manifest has-symbols@^1.0.3
338 silly packumentCache full:https://registry.npmjs.org/has-symbols cache-miss
339 http fetch GET 200 https://registry.npmjs.org/get-proto 98ms (cache miss)
340 silly packumentCache full:https://registry.npmjs.org/get-proto set size:undefined disposed:false
341 http fetch GET 200 https://registry.npmjs.org/gopd 100ms (cache miss)
342 silly packumentCache full:https://registry.npmjs.org/gopd set size:undefined disposed:false
343 http fetch GET 200 https://registry.npmjs.org/call-bind-apply-helpers 100ms (cache miss)
344 silly packumentCache full:https://registry.npmjs.org/call-bind-apply-helpers set size:undefined disposed:false
345 http fetch GET 200 https://registry.npmjs.org/math-intrinsics 102ms (cache miss)
346 silly packumentCache full:https://registry.npmjs.org/math-intrinsics set size:undefined disposed:false
347 http fetch GET 200 https://registry.npmjs.org/has-symbols 103ms (cache miss)
348 silly packumentCache full:https://registry.npmjs.org/has-symbols set size:undefined disposed:false
349 http fetch GET 200 https://registry.npmjs.org/has-symbols 103ms (cache miss)
350 silly packumentCache full:https://registry.npmjs.org/has-symbols set size:undefined disposed:false
351 http fetch GET 200 https://registry.npmjs.org/es-object-atoms 104ms (cache miss)
352 silly packumentCache full:https://registry.npmjs.org/es-object-atoms set size:undefined disposed:false
353 http fetch GET 200 https://registry.npmjs.org/es-define-property 106ms (cache miss)
354 silly packumentCache full:https://registry.npmjs.org/es-define-property set size:undefined disposed:false
355 silly placeDep ROOT call-bind-apply-helpers@1.0.2 OK for: get-intrinsic@1.3.0 want: ^1.0.2
356 silly placeDep ROOT es-define-property@1.0.1 OK for: get-intrinsic@1.3.0 want: ^1.0.1
357 silly placeDep ROOT es-object-atoms@1.1.2 OK for: get-intrinsic@1.3.0 want: ^1.1.1
358 silly placeDep ROOT function-bind@1.1.2 OK for: get-intrinsic@1.3.0 want: ^1.1.2
359 silly placeDep ROOT get-proto@1.0.1 OK for: get-intrinsic@1.3.0 want: ^1.0.1
360 silly placeDep ROOT gopd@1.2.0 OK for: get-intrinsic@1.3.0 want: ^1.2.0
361 silly placeDep ROOT has-symbols@1.1.0 OK for: get-intrinsic@1.3.0 want: ^1.1.0
362 silly placeDep ROOT math-intrinsics@1.1.0 OK for: get-intrinsic@1.3.0 want: ^1.1.0
363 silly fetch manifest dunder-proto@^1.0.1
364 silly packumentCache full:https://registry.npmjs.org/dunder-proto cache-miss
365 http fetch GET 200 https://registry.npmjs.org/dunder-proto 64ms (cache miss)
366 silly packumentCache full:https://registry.npmjs.org/dunder-proto set size:undefined disposed:false
367 silly placeDep ROOT dunder-proto@1.0.1 OK for: get-proto@1.0.1 want: ^1.0.1
368 silly placeDep ROOT agent-base@6.0.2 OK for: https-proxy-agent@5.0.1 want: 6
369 silly placeDep ROOT debug@4.4.3 OK for: https-proxy-agent@5.0.1 want: 4
370 silly fetch manifest ms@^2.1.3
371 silly packumentCache full:https://registry.npmjs.org/ms cache-miss
372 http fetch GET 200 https://registry.npmjs.org/ms 73ms (cache miss)
373 silly packumentCache full:https://registry.npmjs.org/ms set size:undefined disposed:false
374 silly placeDep ROOT ms@2.1.3 OK for: debug@4.4.3 want: ^2.1.3
375 silly placeDep ROOT body-parser@1.20.5 OK for: json-server@0.17.4 want: ^1.19.0
376 silly placeDep ROOT chalk@4.1.2 OK for: json-server@0.17.4 want: ^4.1.2
377 silly placeDep ROOT compression@1.8.1 OK for: json-server@0.17.4 want: ^1.7.4
378 silly placeDep ROOT connect-pause@0.1.1 OK for: json-server@0.17.4 want: ^0.1.1
379 silly placeDep ROOT cors@2.8.6 OK for: json-server@0.17.4 want: ^2.8.5
380 silly placeDep ROOT errorhandler@1.5.2 OK for: json-server@0.17.4 want: ^1.5.1
381 silly placeDep ROOT express@4.22.2 OK for: json-server@0.17.4 want: ^4.17.1
382 silly placeDep ROOT express-urlrewrite@1.4.0 OK for: json-server@0.17.4 want: ^1.4.0
383 silly placeDep ROOT json-parse-helpfulerror@1.0.3 OK for: json-server@0.17.4 want: ^1.0.3
384 silly placeDep ROOT lodash@4.18.1 OK for: json-server@0.17.4 want: ^4.17.21
385 silly placeDep ROOT lodash-id@0.14.1 OK for: json-server@0.17.4 want: ^0.14.1
386 silly placeDep ROOT lowdb@1.0.0 OK for: json-server@0.17.4 want: ^1.0.0
387 silly placeDep ROOT method-override@3.0.0 OK for: json-server@0.17.4 want: ^3.0.0
388 silly placeDep ROOT morgan@1.10.1 OK for: json-server@0.17.4 want: ^1.10.0
389 silly placeDep ROOT nanoid@3.3.12 OK for: json-server@0.17.4 want: ^3.1.23
390 silly placeDep ROOT please-upgrade-node@3.2.0 OK for: json-server@0.17.4 want: ^3.2.0
391 silly placeDep ROOT pluralize@8.0.0 OK for: json-server@0.17.4 want: ^8.0.0
392 silly placeDep ROOT server-destroy@1.0.1 OK for: json-server@0.17.4 want: ^1.0.1
393 silly placeDep ROOT yargs@17.7.2 OK for: json-server@0.17.4 want: ^17.0.1
394 silly fetch manifest bytes@~3.1.2
395 silly packumentCache full:https://registry.npmjs.org/bytes cache-miss
396 silly fetch manifest content-type@~1.0.5
397 silly packumentCache full:https://registry.npmjs.org/content-type cache-miss
398 silly fetch manifest debug@2.6.9
399 silly packumentCache full:https://registry.npmjs.org/debug cache-miss
400 silly fetch manifest depd@2.0.0
401 silly packumentCache full:https://registry.npmjs.org/depd cache-miss
402 silly fetch manifest destroy@~1.2.0
403 silly packumentCache full:https://registry.npmjs.org/destroy cache-miss
404 silly fetch manifest http-errors@~2.0.1
405 silly packumentCache full:https://registry.npmjs.org/http-errors cache-miss
406 silly fetch manifest iconv-lite@~0.4.24
407 silly packumentCache full:https://registry.npmjs.org/iconv-lite cache-miss
408 silly fetch manifest on-finished@~2.4.1
409 silly packumentCache full:https://registry.npmjs.org/on-finished cache-miss
410 silly fetch manifest qs@~6.15.1
411 silly packumentCache full:https://registry.npmjs.org/qs cache-miss
412 silly fetch manifest raw-body@~2.5.3
413 silly packumentCache full:https://registry.npmjs.org/raw-body cache-miss
414 silly fetch manifest type-is@~1.6.18
415 silly packumentCache full:https://registry.npmjs.org/type-is cache-miss
416 silly fetch manifest unpipe@~1.0.0
417 silly packumentCache full:https://registry.npmjs.org/unpipe cache-miss
418 silly fetch manifest ansi-styles@^4.1.0
419 silly packumentCache full:https://registry.npmjs.org/ansi-styles cache-miss
420 silly fetch manifest supports-color@^7.1.0
421 silly packumentCache full:https://registry.npmjs.org/supports-color cache-miss
422 silly fetch manifest vary@~1.1.2
423 silly packumentCache full:https://registry.npmjs.org/vary cache-miss
424 http cache https://registry.npmjs.org/debug 18ms (cache hit)
425 silly packumentCache full:https://registry.npmjs.org/debug set size:195840 disposed:false
426 silly fetch manifest bytes@3.1.2
427 silly packumentCache full:https://registry.npmjs.org/bytes cache-miss
428 http fetch GET 200 https://registry.npmjs.org/on-finished 67ms (cache miss)
429 silly packumentCache full:https://registry.npmjs.org/on-finished set size:undefined disposed:false
430 silly fetch manifest negotiator@~0.6.4
431 silly packumentCache full:https://registry.npmjs.org/negotiator cache-miss
432 http fetch GET 200 https://registry.npmjs.org/destroy 81ms (cache miss)
433 silly packumentCache full:https://registry.npmjs.org/destroy set size:undefined disposed:false
434 silly fetch manifest on-headers@~1.1.0
435 silly packumentCache full:https://registry.npmjs.org/on-headers cache-miss
436 http fetch GET 200 https://registry.npmjs.org/content-type 83ms (cache miss)
437 silly packumentCache full:https://registry.npmjs.org/content-type set size:undefined disposed:false
438 silly fetch manifest safe-buffer@5.2.1
439 silly packumentCache full:https://registry.npmjs.org/safe-buffer cache-miss
440 http fetch GET 200 https://registry.npmjs.org/bytes 73ms (cache miss)
441 silly packumentCache full:https://registry.npmjs.org/bytes set size:undefined disposed:false
442 silly fetch manifest compressible@~2.0.18
443 silly packumentCache full:https://registry.npmjs.org/compressible cache-miss
444 http fetch GET 200 https://registry.npmjs.org/http-errors 98ms (cache miss)
445 silly packumentCache full:https://registry.npmjs.org/http-errors set size:undefined disposed:false
446 silly fetch manifest object-assign@^4
447 silly packumentCache full:https://registry.npmjs.org/object-assign cache-miss
448 http fetch GET 200 https://registry.npmjs.org/supports-color 98ms (cache miss)
449 silly packumentCache full:https://registry.npmjs.org/supports-color set size:undefined disposed:false
450 silly fetch manifest vary@^1
451 silly packumentCache full:https://registry.npmjs.org/vary cache-miss
452 http fetch GET 200 https://registry.npmjs.org/raw-body 103ms (cache miss)
453 silly packumentCache full:https://registry.npmjs.org/raw-body set size:undefined disposed:false
454 silly fetch manifest accepts@~1.3.8
455 silly packumentCache full:https://registry.npmjs.org/accepts cache-miss
456 http fetch GET 200 https://registry.npmjs.org/qs 109ms (cache miss)
457 silly packumentCache full:https://registry.npmjs.org/qs set size:undefined disposed:false
458 silly fetch manifest escape-html@~1.0.3
459 silly packumentCache full:https://registry.npmjs.org/escape-html cache-miss
460 http fetch GET 200 https://registry.npmjs.org/negotiator 70ms (cache miss)
461 silly packumentCache full:https://registry.npmjs.org/negotiator set size:undefined disposed:false
462 silly fetch manifest depd@2.0.0
463 silly packumentCache full:https://registry.npmjs.org/depd cache-miss
464 http fetch GET 200 https://registry.npmjs.org/on-headers 61ms (cache miss)
465 silly packumentCache full:https://registry.npmjs.org/on-headers set size:undefined disposed:false
466 silly fetch manifest etag@~1.8.1
467 silly packumentCache full:https://registry.npmjs.org/etag cache-miss
468 http fetch GET 200 https://registry.npmjs.org/safe-buffer 65ms (cache miss)
469 silly packumentCache full:https://registry.npmjs.org/safe-buffer set size:undefined disposed:false
470 silly fetch manifest send@~0.19.0
471 silly packumentCache full:https://registry.npmjs.org/send cache-miss
472 http fetch GET 200 https://registry.npmjs.org/compressible 63ms (cache miss)
473 silly packumentCache full:https://registry.npmjs.org/compressible set size:undefined disposed:false
474 silly fetch manifest vary@~1.1.2
475 silly packumentCache full:https://registry.npmjs.org/vary cache-miss
476 http fetch GET 200 https://registry.npmjs.org/object-assign 68ms (cache miss)
477 silly packumentCache full:https://registry.npmjs.org/object-assign set size:undefined disposed:false
478 silly fetch manifest fresh@~0.5.2
479 silly packumentCache full:https://registry.npmjs.org/fresh cache-miss
480 http fetch GET 200 https://registry.npmjs.org/accepts 68ms (cache miss)
481 silly packumentCache full:https://registry.npmjs.org/accepts set size:undefined disposed:false
482 silly fetch manifest cookie@~0.7.1
483 silly packumentCache full:https://registry.npmjs.org/cookie cache-miss
484 http fetch GET 200 https://registry.npmjs.org/escape-html 62ms (cache miss)
485 silly packumentCache full:https://registry.npmjs.org/escape-html set size:undefined disposed:false
486 silly fetch manifest methods@~1.1.2
487 silly packumentCache full:https://registry.npmjs.org/methods cache-miss
488 http fetch GET 200 https://registry.npmjs.org/vary 89ms (cache miss)
489 silly packumentCache full:https://registry.npmjs.org/vary set size:undefined disposed:false
490 silly fetch manifest type-is@~1.6.18
491 silly packumentCache full:https://registry.npmjs.org/type-is cache-miss
492 http fetch GET 200 https://registry.npmjs.org/depd 61ms (cache miss)
493 silly packumentCache full:https://registry.npmjs.org/depd set size:undefined disposed:false
494 silly fetch manifest parseurl@~1.3.3
495 silly packumentCache full:https://registry.npmjs.org/parseurl cache-miss
496 http fetch GET 200 https://registry.npmjs.org/vary 59ms (cache miss)
497 silly packumentCache full:https://registry.npmjs.org/vary set size:undefined disposed:false
498 silly fetch manifest statuses@~2.0.1
499 silly packumentCache full:https://registry.npmjs.org/statuses cache-miss
500 http fetch GET 200 https://registry.npmjs.org/send 73ms (cache miss)
501 silly packumentCache full:https://registry.npmjs.org/send set size:undefined disposed:false
502 silly fetch manifest encodeurl@~2.0.0
503 silly packumentCache full:https://registry.npmjs.org/encodeurl cache-miss
504 http fetch GET 200 https://registry.npmjs.org/etag 84ms (cache miss)
505 silly packumentCache full:https://registry.npmjs.org/etag set size:undefined disposed:false
506 silly fetch manifest proxy-addr@~2.0.7
507 silly packumentCache full:https://registry.npmjs.org/proxy-addr cache-miss
508 http fetch GET 200 https://registry.npmjs.org/methods 60ms (cache miss)
509 silly packumentCache full:https://registry.npmjs.org/methods set size:undefined disposed:false
510 silly fetch manifest http-errors@~2.0.0
511 silly packumentCache full:https://registry.npmjs.org/http-errors cache-miss
512 http fetch GET 200 https://registry.npmjs.org/cookie 65ms (cache miss)
513 silly packumentCache full:https://registry.npmjs.org/cookie set size:undefined disposed:false
514 silly fetch manifest utils-merge@1.0.1
515 silly packumentCache full:https://registry.npmjs.org/utils-merge cache-miss
516 http fetch GET 200 https://registry.npmjs.org/depd 254ms (cache miss)
517 silly packumentCache full:https://registry.npmjs.org/depd set size:undefined disposed:false
518 silly fetch manifest content-type@~1.0.4
519 silly packumentCache full:https://registry.npmjs.org/content-type cache-miss
520 http cache https://registry.npmjs.org/http-errors 17ms (cache hit)
521 silly packumentCache full:https://registry.npmjs.org/http-errors set size:71987 disposed:false
522 silly fetch manifest finalhandler@~1.3.1
523 silly packumentCache full:https://registry.npmjs.org/finalhandler cache-miss
524 http cache https://registry.npmjs.org/content-type 13ms (cache hit)
525 silly packumentCache full:https://registry.npmjs.org/content-type set size:18994 disposed:false
526 silly fetch manifest range-parser@~1.2.1
527 silly packumentCache full:https://registry.npmjs.org/range-parser cache-miss
528 http fetch GET 200 https://registry.npmjs.org/parseurl 69ms (cache miss)
529 silly packumentCache full:https://registry.npmjs.org/parseurl set size:undefined disposed:false
530 silly fetch manifest serve-static@~1.16.2
531 silly packumentCache full:https://registry.npmjs.org/serve-static cache-miss
532 http fetch GET 200 https://registry.npmjs.org/type-is 108ms (cache miss)
533 silly packumentCache full:https://registry.npmjs.org/type-is set size:undefined disposed:false
534 silly fetch manifest array-flatten@1.1.1
535 silly packumentCache full:https://registry.npmjs.org/array-flatten cache-miss
536 http fetch GET 200 https://registry.npmjs.org/statuses 84ms (cache miss)
537 silly packumentCache full:https://registry.npmjs.org/statuses set size:undefined disposed:false
538 silly fetch manifest path-to-regexp@~0.1.12
539 silly packumentCache full:https://registry.npmjs.org/path-to-regexp cache-miss
540 http fetch GET 200 https://registry.npmjs.org/encodeurl 83ms (cache miss)
541 silly packumentCache full:https://registry.npmjs.org/encodeurl set size:undefined disposed:false
542 silly fetch manifest setprototypeof@1.2.0
543 silly packumentCache full:https://registry.npmjs.org/setprototypeof cache-miss
544 http fetch GET 200 https://registry.npmjs.org/ansi-styles 308ms (cache miss)
545 silly packumentCache full:https://registry.npmjs.org/ansi-styles set size:undefined disposed:false
546 silly fetch manifest cookie-signature@~1.0.6
547 silly packumentCache full:https://registry.npmjs.org/cookie-signature cache-miss
548 http fetch GET 200 https://registry.npmjs.org/type-is 313ms (cache miss)
549 silly packumentCache full:https://registry.npmjs.org/type-is set size:undefined disposed:false
550 silly fetch manifest merge-descriptors@1.0.3
551 silly packumentCache full:https://registry.npmjs.org/merge-descriptors cache-miss
552 http fetch GET 200 https://registry.npmjs.org/proxy-addr 92ms (cache miss)
553 silly packumentCache full:https://registry.npmjs.org/proxy-addr set size:undefined disposed:false
554 silly fetch manifest content-disposition@~0.5.4
555 silly packumentCache full:https://registry.npmjs.org/content-disposition cache-miss
556 http fetch GET 200 https://registry.npmjs.org/utils-merge 84ms (cache miss)
557 silly packumentCache full:https://registry.npmjs.org/utils-merge set size:undefined disposed:false
558 silly fetch manifest path-to-regexp@^1.0.3
559 silly packumentCache full:https://registry.npmjs.org/path-to-regexp cache-miss
560 http fetch GET 200 https://registry.npmjs.org/iconv-lite 332ms (cache miss)
561 silly packumentCache full:https://registry.npmjs.org/iconv-lite set size:undefined disposed:false
562 silly fetch manifest jju@^1.1.0
563 silly packumentCache full:https://registry.npmjs.org/jju cache-miss
564 http fetch GET 200 https://registry.npmjs.org/unpipe 351ms (cache miss)
565 silly packumentCache full:https://registry.npmjs.org/unpipe set size:undefined disposed:false
566 silly fetch manifest pify@^3.0.0
567 silly packumentCache full:https://registry.npmjs.org/pify cache-miss
568 http fetch GET 200 https://registry.npmjs.org/cookie-signature 64ms (cache miss)
569 silly packumentCache full:https://registry.npmjs.org/cookie-signature set size:undefined disposed:false
570 silly fetch manifest steno@^0.4.1
571 silly packumentCache full:https://registry.npmjs.org/steno cache-miss
572 http fetch GET 200 https://registry.npmjs.org/path-to-regexp 75ms (cache miss)
573 silly packumentCache full:https://registry.npmjs.org/path-to-regexp set size:undefined disposed:false
574 silly fetch manifest is-promise@^2.1.0
575 silly packumentCache full:https://registry.npmjs.org/is-promise cache-miss
576 http fetch GET 200 https://registry.npmjs.org/setprototypeof 76ms (cache miss)
577 silly packumentCache full:https://registry.npmjs.org/setprototypeof set size:undefined disposed:false
578 silly fetch manifest graceful-fs@^4.1.3
579 silly packumentCache full:https://registry.npmjs.org/graceful-fs cache-miss
580 http fetch GET 200 https://registry.npmjs.org/merge-descriptors 76ms (cache miss)
581 silly packumentCache full:https://registry.npmjs.org/merge-descriptors set size:undefined disposed:false
582 silly fetch manifest debug@3.1.0
583 silly packumentCache full:https://registry.npmjs.org/debug cache-hit
584 silly fetch manifest parseurl@~1.3.2
585 silly packumentCache full:https://registry.npmjs.org/parseurl cache-miss
586 http fetch GET 200 https://registry.npmjs.org/array-flatten 98ms (cache miss)
587 silly packumentCache full:https://registry.npmjs.org/array-flatten set size:undefined disposed:false
588 silly fetch manifest basic-auth@~2.0.1
589 silly packumentCache full:https://registry.npmjs.org/basic-auth cache-miss
590 http fetch GET 200 https://registry.npmjs.org/content-disposition 81ms (cache miss)
591 silly packumentCache full:https://registry.npmjs.org/content-disposition set size:undefined disposed:false
592 silly fetch manifest depd@~2.0.0
593 silly packumentCache full:https://registry.npmjs.org/depd cache-miss
594 http cache https://registry.npmjs.org/parseurl 12ms (cache hit)
595 silly packumentCache full:https://registry.npmjs.org/parseurl set size:24148 disposed:false
596 silly fetch manifest on-finished@~2.3.0
597 silly packumentCache full:https://registry.npmjs.org/on-finished cache-miss
598 http fetch GET 200 https://registry.npmjs.org/jju 75ms (cache miss)
599 silly packumentCache full:https://registry.npmjs.org/jju set size:undefined disposed:false
600 silly fetch manifest semver-compare@^1.0.0
601 silly packumentCache full:https://registry.npmjs.org/semver-compare cache-miss
602 http fetch GET 200 https://registry.npmjs.org/path-to-regexp 84ms (cache miss)
603 silly packumentCache full:https://registry.npmjs.org/path-to-regexp set size:undefined disposed:false
604 silly fetch manifest y18n@^5.0.5
605 silly packumentCache full:https://registry.npmjs.org/y18n cache-miss
606 http fetch GET 200 https://registry.npmjs.org/serve-static 144ms (cache miss)
607 silly packumentCache full:https://registry.npmjs.org/serve-static set size:undefined disposed:false
608 silly fetch manifest cliui@^8.0.1
609 silly packumentCache full:https://registry.npmjs.org/cliui cache-miss
610 http cache https://registry.npmjs.org/depd 20ms (cache hit)
611 silly packumentCache full:https://registry.npmjs.org/depd set size:40182 disposed:false
612 silly fetch manifest escalade@^3.1.1
613 silly packumentCache full:https://registry.npmjs.org/escalade cache-miss
614 http cache https://registry.npmjs.org/on-finished 20ms (cache hit)
615 silly packumentCache full:https://registry.npmjs.org/on-finished set size:23212 disposed:false
616 silly fetch manifest string-width@^4.2.3
617 silly packumentCache full:https://registry.npmjs.org/string-width cache-miss
618 http fetch GET 200 https://registry.npmjs.org/pify 80ms (cache miss)
619 silly packumentCache full:https://registry.npmjs.org/pify set size:undefined disposed:false
620 silly fetch manifest yargs-parser@^21.1.1
621 silly packumentCache full:https://registry.npmjs.org/yargs-parser cache-miss
622 http fetch GET 200 https://registry.npmjs.org/steno 63ms (cache miss)
623 silly packumentCache full:https://registry.npmjs.org/steno set size:undefined disposed:false
624 silly fetch manifest get-caller-file@^2.0.5
625 silly packumentCache full:https://registry.npmjs.org/get-caller-file cache-miss
626 http fetch GET 200 https://registry.npmjs.org/is-promise 65ms (cache miss)
627 silly packumentCache full:https://registry.npmjs.org/is-promise set size:undefined disposed:false
628 silly fetch manifest require-directory@^2.1.1
629 silly packumentCache full:https://registry.npmjs.org/require-directory cache-miss
630 http fetch GET 200 https://registry.npmjs.org/vary 450ms (cache miss)
631 silly packumentCache full:https://registry.npmjs.org/vary set size:undefined disposed:false
632 http fetch GET 200 https://registry.npmjs.org/graceful-fs 72ms (cache miss)
633 silly packumentCache full:https://registry.npmjs.org/graceful-fs set size:undefined disposed:false
634 http fetch GET 200 https://registry.npmjs.org/basic-auth 64ms (cache miss)
635 silly packumentCache full:https://registry.npmjs.org/basic-auth set size:undefined disposed:false
636 http fetch GET 200 https://registry.npmjs.org/bytes 480ms (cache miss)
637 silly packumentCache full:https://registry.npmjs.org/bytes set size:undefined disposed:false
638 http fetch GET 200 https://registry.npmjs.org/semver-compare 81ms (cache miss)
639 silly packumentCache full:https://registry.npmjs.org/semver-compare set size:undefined disposed:false
640 http fetch GET 200 https://registry.npmjs.org/escalade 68ms (cache miss)
641 silly packumentCache full:https://registry.npmjs.org/escalade set size:undefined disposed:false
642 http fetch GET 200 https://registry.npmjs.org/y18n 83ms (cache miss)
643 silly packumentCache full:https://registry.npmjs.org/y18n set size:undefined disposed:false
644 http fetch GET 200 https://registry.npmjs.org/cliui 82ms (cache miss)
645 silly packumentCache full:https://registry.npmjs.org/cliui set size:undefined disposed:false
646 http fetch GET 200 https://registry.npmjs.org/string-width 71ms (cache miss)
647 silly packumentCache full:https://registry.npmjs.org/string-width set size:undefined disposed:false
648 http fetch GET 200 https://registry.npmjs.org/get-caller-file 67ms (cache miss)
649 silly packumentCache full:https://registry.npmjs.org/get-caller-file set size:undefined disposed:false
650 http fetch GET 200 https://registry.npmjs.org/require-directory 64ms (cache miss)
651 silly packumentCache full:https://registry.npmjs.org/require-directory set size:undefined disposed:false
652 http fetch GET 200 https://registry.npmjs.org/yargs-parser 82ms (cache miss)
653 silly packumentCache full:https://registry.npmjs.org/yargs-parser set size:undefined disposed:false
654 http fetch GET 200 https://registry.npmjs.org/fresh 351ms (cache miss)
655 silly packumentCache full:https://registry.npmjs.org/fresh set size:undefined disposed:false
656 http fetch GET 200 https://registry.npmjs.org/range-parser 257ms (cache miss)
657 silly packumentCache full:https://registry.npmjs.org/range-parser set size:undefined disposed:false
658 http fetch GET 200 https://registry.npmjs.org/finalhandler 287ms (cache miss)
659 silly packumentCache full:https://registry.npmjs.org/finalhandler set size:undefined disposed:false
660 silly placeDep ROOT bytes@3.1.2 OK for: body-parser@1.20.5 want: ~3.1.2
661 silly placeDep ROOT content-type@1.0.5 OK for: body-parser@1.20.5 want: ~1.0.5
662 silly placeDep node_modules/body-parser debug@2.6.9 OK for: body-parser@1.20.5 want: 2.6.9
663 silly placeDep ROOT depd@2.0.0 OK for: body-parser@1.20.5 want: 2.0.0
664 silly placeDep ROOT destroy@1.2.0 OK for: body-parser@1.20.5 want: ~1.2.0
665 silly placeDep ROOT http-errors@2.0.1 OK for: body-parser@1.20.5 want: ~2.0.1
666 silly placeDep ROOT iconv-lite@0.4.24 OK for: body-parser@1.20.5 want: ~0.4.24
667 silly placeDep ROOT on-finished@2.4.1 OK for: body-parser@1.20.5 want: ~2.4.1
668 silly placeDep ROOT qs@6.15.2 OK for: body-parser@1.20.5 want: ~6.15.1
669 silly placeDep ROOT raw-body@2.5.3 OK for: body-parser@1.20.5 want: ~2.5.3
670 silly placeDep ROOT type-is@1.6.18 OK for: body-parser@1.20.5 want: ~1.6.18
671 silly placeDep ROOT unpipe@1.0.0 OK for: body-parser@1.20.5 want: ~1.0.0
672 silly fetch manifest ms@2.0.0
673 silly packumentCache full:https://registry.npmjs.org/ms cache-miss
674 silly fetch manifest inherits@~2.0.4
675 silly packumentCache full:https://registry.npmjs.org/inherits cache-miss
676 silly fetch manifest setprototypeof@~1.2.0
677 silly packumentCache full:https://registry.npmjs.org/setprototypeof cache-miss
678 silly fetch manifest statuses@~2.0.2
679 silly packumentCache full:https://registry.npmjs.org/statuses cache-miss
680 silly fetch manifest toidentifier@~1.0.1
681 silly packumentCache full:https://registry.npmjs.org/toidentifier cache-miss
682 silly fetch manifest safer-buffer@>= 2.1.2 < 3
683 silly packumentCache full:https://registry.npmjs.org/safer-buffer cache-miss
684 silly fetch manifest ee-first@1.1.1
685 silly packumentCache full:https://registry.npmjs.org/ee-first cache-miss
686 silly fetch manifest side-channel@^1.1.0
687 silly packumentCache full:https://registry.npmjs.org/side-channel cache-miss
688 silly fetch manifest media-typer@0.3.0
689 silly packumentCache full:https://registry.npmjs.org/media-typer cache-miss
690 http cache https://registry.npmjs.org/setprototypeof 13ms (cache hit)
691 silly packumentCache full:https://registry.npmjs.org/setprototypeof set size:14532 disposed:false
692 http cache https://registry.npmjs.org/statuses 13ms (cache hit)
693 silly packumentCache full:https://registry.npmjs.org/statuses set size:37117 disposed:false
694 http cache https://registry.npmjs.org/ms 15ms (cache hit)
695 silly packumentCache full:https://registry.npmjs.org/ms set size:92208 disposed:false
696 http fetch GET 200 https://registry.npmjs.org/toidentifier 70ms (cache miss)
697 silly packumentCache full:https://registry.npmjs.org/toidentifier set size:undefined disposed:false
698 http fetch GET 200 https://registry.npmjs.org/safer-buffer 71ms (cache miss)
699 silly packumentCache full:https://registry.npmjs.org/safer-buffer set size:undefined disposed:false
700 http fetch GET 200 https://registry.npmjs.org/media-typer 72ms (cache miss)
701 silly packumentCache full:https://registry.npmjs.org/media-typer set size:undefined disposed:false
702 http fetch GET 200 https://registry.npmjs.org/side-channel 72ms (cache miss)
703 silly packumentCache full:https://registry.npmjs.org/side-channel set size:undefined disposed:false
704 http fetch GET 200 https://registry.npmjs.org/ee-first 74ms (cache miss)
705 silly packumentCache full:https://registry.npmjs.org/ee-first set size:undefined disposed:false
706 http fetch GET 200 https://registry.npmjs.org/inherits 77ms (cache miss)
707 silly packumentCache full:https://registry.npmjs.org/inherits set size:undefined disposed:false
708 silly placeDep ROOT ansi-styles@4.3.0 OK for: chalk@4.1.2 want: ^4.1.0
709 silly placeDep ROOT supports-color@7.2.0 OK for: chalk@4.1.2 want: ^7.1.0
710 silly fetch manifest color-convert@^2.0.1
711 silly packumentCache full:https://registry.npmjs.org/color-convert cache-miss
712 silly fetch manifest has-flag@^4.0.0
713 silly packumentCache full:https://registry.npmjs.org/has-flag cache-miss
714 http fetch GET 200 https://registry.npmjs.org/color-convert 97ms (cache miss)
715 silly packumentCache full:https://registry.npmjs.org/color-convert set size:undefined disposed:false
716 http fetch GET 200 https://registry.npmjs.org/has-flag 98ms (cache miss)
717 silly packumentCache full:https://registry.npmjs.org/has-flag set size:undefined disposed:false
718 silly placeDep ROOT color-convert@2.0.1 OK for: ansi-styles@4.3.0 want: ^2.0.1
719 silly fetch manifest color-name@~1.1.4
720 silly packumentCache full:https://registry.npmjs.org/color-name cache-miss
721 http fetch GET 200 https://registry.npmjs.org/color-name 59ms (cache miss)
722 silly packumentCache full:https://registry.npmjs.org/color-name set size:undefined disposed:false
723 silly placeDep ROOT color-name@1.1.4 OK for: color-convert@2.0.1 want: ~1.1.4
724 silly placeDep ROOT compressible@2.0.18 OK for: compression@1.8.1 want: ~2.0.18
725 silly placeDep node_modules/compression debug@2.6.9 OK for: compression@1.8.1 want: 2.6.9
726 silly placeDep ROOT negotiator@0.6.4 OK for: compression@1.8.1 want: ~0.6.4
727 silly placeDep ROOT on-headers@1.1.0 OK for: compression@1.8.1 want: ~1.1.0
728 silly placeDep ROOT safe-buffer@5.2.1 OK for: compression@1.8.1 want: 5.2.1
729 silly placeDep ROOT vary@1.1.2 OK for: compression@1.8.1 want: ~1.1.2
730 silly fetch manifest mime-db@>= 1.43.0 < 2
731 silly packumentCache full:https://registry.npmjs.org/mime-db cache-miss
732 http cache https://registry.npmjs.org/mime-db 6ms (cache hit)
733 silly packumentCache full:https://registry.npmjs.org/mime-db set size:164953 disposed:false
734 silly placeDep ROOT mime-db@1.54.0 OK for: compressible@2.0.18 want: >= 1.43.0 < 2
735 silly placeDep ROOT object-assign@4.1.1 OK for: cors@2.8.6 want: ^4
736 silly placeDep ROOT accepts@1.3.8 OK for: errorhandler@1.5.2 want: ~1.3.8
737 silly placeDep ROOT escape-html@1.0.3 OK for: errorhandler@1.5.2 want: ~1.0.3
738 silly fetch manifest negotiator@0.6.3
739 silly packumentCache full:https://registry.npmjs.org/negotiator cache-miss
740 http cache https://registry.npmjs.org/negotiator 6ms (cache hit)
741 silly packumentCache full:https://registry.npmjs.org/negotiator set size:48046 disposed:false
742 silly placeDep node_modules/accepts negotiator@0.6.3 OK for: accepts@1.3.8 want: 0.6.3
743 silly placeDep ROOT array-flatten@1.1.1 OK for: express@4.22.2 want: 1.1.1
744 silly placeDep ROOT content-disposition@0.5.4 OK for: express@4.22.2 want: ~0.5.4
745 silly placeDep ROOT cookie@0.7.2 OK for: express@4.22.2 want: ~0.7.1
746 silly placeDep ROOT cookie-signature@1.0.7 OK for: express@4.22.2 want: ~1.0.6
747 silly placeDep node_modules/express debug@2.6.9 OK for: express@4.22.2 want: 2.6.9
748 silly placeDep ROOT encodeurl@2.0.0 OK for: express@4.22.2 want: ~2.0.0
749 silly placeDep ROOT etag@1.8.1 OK for: express@4.22.2 want: ~1.8.1
750 silly placeDep ROOT finalhandler@1.3.2 OK for: express@4.22.2 want: ~1.3.1
751 silly placeDep ROOT fresh@0.5.2 OK for: express@4.22.2 want: ~0.5.2
752 silly placeDep ROOT merge-descriptors@1.0.3 OK for: express@4.22.2 want: 1.0.3
753 silly placeDep ROOT methods@1.1.2 OK for: express@4.22.2 want: ~1.1.2
754 silly placeDep ROOT parseurl@1.3.3 OK for: express@4.22.2 want: ~1.3.3
755 silly placeDep ROOT path-to-regexp@0.1.13 OK for: express@4.22.2 want: ~0.1.12
756 silly placeDep ROOT proxy-addr@2.0.7 OK for: express@4.22.2 want: ~2.0.7
757 silly placeDep ROOT range-parser@1.2.1 OK for: express@4.22.2 want: ~1.2.1
758 silly placeDep ROOT send@0.19.2 OK for: express@4.22.2 want: ~0.19.0
759 silly placeDep ROOT serve-static@1.16.3 OK for: express@4.22.2 want: ~1.16.2
760 silly placeDep ROOT setprototypeof@1.2.0 OK for: express@4.22.2 want: 1.2.0
761 silly placeDep ROOT statuses@2.0.2 OK for: express@4.22.2 want: ~2.0.1
762 silly placeDep ROOT utils-merge@1.0.1 OK for: express@4.22.2 want: 1.0.1
763 silly fetch manifest forwarded@0.2.0
764 silly packumentCache full:https://registry.npmjs.org/forwarded cache-miss
765 silly fetch manifest ipaddr.js@1.9.1
766 silly packumentCache full:https://registry.npmjs.org/ipaddr.js cache-miss
767 silly fetch manifest mime@1.6.0
768 silly packumentCache full:https://registry.npmjs.org/mime cache-miss
769 http fetch GET 200 https://registry.npmjs.org/forwarded 70ms (cache miss)
770 silly packumentCache full:https://registry.npmjs.org/forwarded set size:undefined disposed:false
771 http fetch GET 200 https://registry.npmjs.org/mime 71ms (cache miss)
772 silly packumentCache full:https://registry.npmjs.org/mime set size:undefined disposed:false
773 http fetch GET 200 https://registry.npmjs.org/ipaddr.js 74ms (cache miss)
774 silly packumentCache full:https://registry.npmjs.org/ipaddr.js set size:undefined disposed:false
775 silly placeDep node_modules/express-urlrewrite path-to-regexp@1.9.0 OK for: express-urlrewrite@1.4.0 want: ^1.0.3
776 silly fetch manifest isarray@0.0.1
777 silly packumentCache full:https://registry.npmjs.org/isarray cache-miss
778 http fetch GET 200 https://registry.npmjs.org/isarray 63ms (cache miss)
779 silly packumentCache full:https://registry.npmjs.org/isarray set size:undefined disposed:false
780 silly placeDep node_modules/finalhandler debug@2.6.9 OK for: finalhandler@1.3.2 want: 2.6.9
781 silly placeDep ROOT inherits@2.0.4 OK for: http-errors@2.0.1 want: ~2.0.4
782 silly placeDep ROOT toidentifier@1.0.1 OK for: http-errors@2.0.1 want: ~1.0.1
783 silly placeDep ROOT safer-buffer@2.1.2 OK for: iconv-lite@0.4.24 want: >= 2.1.2 < 3
784 silly placeDep ROOT jju@1.4.0 OK for: json-parse-helpfulerror@1.0.3 want: ^1.1.0
785 silly placeDep ROOT bcryptjs@2.4.3 OK for: json-server-auth@2.1.0 want: ^2.4.3
786 silly placeDep ROOT jsonwebtoken@8.5.1 OK for: json-server-auth@2.1.0 want: ^8.5.1
787 silly placeDep node_modules/json-server-auth yargs@16.2.0 OK for: json-server-auth@2.1.0 want: ^16.2.0
788 silly fetch manifest jws@^3.2.2
789 silly packumentCache full:https://registry.npmjs.org/jws cache-miss
790 silly fetch manifest semver@^5.6.0
791 silly packumentCache full:https://registry.npmjs.org/semver cache-miss
792 silly fetch manifest lodash.once@^4.0.0
793 silly packumentCache full:https://registry.npmjs.org/lodash.once cache-miss
794 silly fetch manifest lodash.includes@^4.3.0
795 silly packumentCache full:https://registry.npmjs.org/lodash.includes cache-miss
796 silly fetch manifest lodash.isnumber@^3.0.3
797 silly packumentCache full:https://registry.npmjs.org/lodash.isnumber cache-miss
798 silly fetch manifest lodash.isstring@^4.0.1
799 silly packumentCache full:https://registry.npmjs.org/lodash.isstring cache-miss
800 silly fetch manifest lodash.isboolean@^3.0.3
801 silly packumentCache full:https://registry.npmjs.org/lodash.isboolean cache-miss
802 silly fetch manifest lodash.isinteger@^4.0.4
803 silly packumentCache full:https://registry.npmjs.org/lodash.isinteger cache-miss
804 silly fetch manifest lodash.isplainobject@^4.0.6
805 silly packumentCache full:https://registry.npmjs.org/lodash.isplainobject cache-miss
806 silly fetch manifest cliui@^7.0.2
807 silly packumentCache full:https://registry.npmjs.org/cliui cache-miss
808 silly fetch manifest string-width@^4.2.0
809 silly packumentCache full:https://registry.npmjs.org/string-width cache-miss
810 silly fetch manifest yargs-parser@^20.2.2
811 silly packumentCache full:https://registry.npmjs.org/yargs-parser cache-miss
812 http cache https://registry.npmjs.org/cliui 34ms (cache hit)
813 silly packumentCache full:https://registry.npmjs.org/cliui set size:69089 disposed:false
814 http cache https://registry.npmjs.org/string-width 36ms (cache hit)
815 silly packumentCache full:https://registry.npmjs.org/string-width set size:70381 disposed:false
816 http cache https://registry.npmjs.org/yargs-parser 40ms (cache hit)
817 silly packumentCache full:https://registry.npmjs.org/yargs-parser set size:238630 disposed:false
818 http fetch GET 200 https://registry.npmjs.org/lodash.once 92ms (cache miss)
819 silly packumentCache full:https://registry.npmjs.org/lodash.once set size:undefined disposed:false
820 http fetch GET 200 https://registry.npmjs.org/lodash.includes 93ms (cache miss)
821 silly packumentCache full:https://registry.npmjs.org/lodash.includes set size:undefined disposed:false
822 http fetch GET 200 https://registry.npmjs.org/lodash.isboolean 95ms (cache miss)
823 silly packumentCache full:https://registry.npmjs.org/lodash.isboolean set size:undefined disposed:false
824 http fetch GET 200 https://registry.npmjs.org/lodash.isinteger 96ms (cache miss)
825 silly packumentCache full:https://registry.npmjs.org/lodash.isinteger set size:undefined disposed:false
826 http fetch GET 200 https://registry.npmjs.org/lodash.isnumber 98ms (cache miss)
827 silly packumentCache full:https://registry.npmjs.org/lodash.isnumber set size:undefined disposed:false
828 http fetch GET 200 https://registry.npmjs.org/lodash.isstring 98ms (cache miss)
829 silly packumentCache full:https://registry.npmjs.org/lodash.isstring set size:undefined disposed:false
830 http fetch GET 200 https://registry.npmjs.org/lodash.isplainobject 100ms (cache miss)
831 silly packumentCache full:https://registry.npmjs.org/lodash.isplainobject set size:undefined disposed:false
832 http fetch GET 200 https://registry.npmjs.org/jws 111ms (cache miss)
833 silly packumentCache full:https://registry.npmjs.org/jws set size:undefined disposed:false
834 http fetch GET 200 https://registry.npmjs.org/semver 338ms (cache miss)
835 silly packumentCache full:https://registry.npmjs.org/semver set size:undefined disposed:false
836 silly placeDep ROOT jws@3.2.3 OK for: jsonwebtoken@8.5.1 want: ^3.2.2
837 silly placeDep ROOT lodash.includes@4.3.0 OK for: jsonwebtoken@8.5.1 want: ^4.3.0
838 silly placeDep ROOT lodash.isboolean@3.0.3 OK for: jsonwebtoken@8.5.1 want: ^3.0.3
839 silly placeDep ROOT lodash.isinteger@4.0.4 OK for: jsonwebtoken@8.5.1 want: ^4.0.4
840 silly placeDep ROOT lodash.isnumber@3.0.3 OK for: jsonwebtoken@8.5.1 want: ^3.0.3
841 silly placeDep ROOT lodash.isplainobject@4.0.6 OK for: jsonwebtoken@8.5.1 want: ^4.0.6
842 silly placeDep ROOT lodash.isstring@4.0.1 OK for: jsonwebtoken@8.5.1 want: ^4.0.1
843 silly placeDep ROOT lodash.once@4.1.1 OK for: jsonwebtoken@8.5.1 want: ^4.0.0
844 silly placeDep ROOT semver@5.7.2 OK for: jsonwebtoken@8.5.1 want: ^5.6.0
845 silly fetch manifest jwa@^1.4.2
846 silly packumentCache full:https://registry.npmjs.org/jwa cache-miss
847 http fetch GET 200 https://registry.npmjs.org/jwa 74ms (cache miss)
848 silly packumentCache full:https://registry.npmjs.org/jwa set size:undefined disposed:false
849 silly placeDep ROOT jwa@1.4.2 OK for: jws@3.2.3 want: ^1.4.2
850 silly fetch manifest ecdsa-sig-formatter@1.0.11
851 silly packumentCache full:https://registry.npmjs.org/ecdsa-sig-formatter cache-miss
852 silly fetch manifest buffer-equal-constant-time@^1.0.1
853 silly packumentCache full:https://registry.npmjs.org/buffer-equal-constant-time cache-miss
854 http fetch GET 200 https://registry.npmjs.org/buffer-equal-constant-time 87ms (cache miss)
855 silly packumentCache full:https://registry.npmjs.org/buffer-equal-constant-time set size:undefined disposed:false
856 http fetch GET 200 https://registry.npmjs.org/ecdsa-sig-formatter 90ms (cache miss)
857 silly packumentCache full:https://registry.npmjs.org/ecdsa-sig-formatter set size:undefined disposed:false
858 silly placeDep ROOT buffer-equal-constant-time@1.0.1 OK for: jwa@1.4.2 want: ^1.0.1
859 silly placeDep ROOT ecdsa-sig-formatter@1.0.11 OK for: jwa@1.4.2 want: 1.0.11
860 silly placeDep ROOT graceful-fs@4.2.11 OK for: lowdb@1.0.0 want: ^4.1.3
861 silly placeDep ROOT is-promise@2.2.2 OK for: lowdb@1.0.0 want: ^2.1.0
862 silly placeDep ROOT pify@3.0.0 OK for: lowdb@1.0.0 want: ^3.0.0
863 silly placeDep ROOT steno@0.4.4 OK for: lowdb@1.0.0 want: ^0.4.1
864 silly placeDep node_modules/method-override debug@3.1.0 OK for: method-override@3.0.0 want: 3.1.0
865 silly placeDep node_modules/mime-types mime-db@1.52.0 OK for: mime-types@2.1.35 want: 1.52.0
866 silly placeDep ROOT basic-auth@2.0.1 OK for: morgan@1.10.1 want: ~2.0.1
867 silly placeDep node_modules/morgan debug@2.6.9 OK for: morgan@1.10.1 want: 2.6.9
868 silly placeDep node_modules/morgan on-finished@2.3.0 OK for: morgan@1.10.1 want: ~2.3.0
869 silly fetch manifest safe-buffer@5.1.2
870 silly packumentCache full:https://registry.npmjs.org/safe-buffer cache-miss
871 http cache https://registry.npmjs.org/safe-buffer 8ms (cache hit)
872 silly packumentCache full:https://registry.npmjs.org/safe-buffer set size:41183 disposed:false
873 silly placeDep node_modules/basic-auth safe-buffer@5.1.2 OK for: basic-auth@2.0.1 want: 5.1.2
874 silly placeDep ROOT ee-first@1.1.1 OK for: on-finished@2.4.1 want: 1.1.1
875 silly placeDep ROOT semver-compare@1.0.0 OK for: please-upgrade-node@3.2.0 want: ^1.0.0
876 silly placeDep ROOT forwarded@0.2.0 OK for: proxy-addr@2.0.7 want: 0.2.0
877 silly placeDep ROOT ipaddr.js@1.9.1 OK for: proxy-addr@2.0.7 want: 1.9.1
878 silly placeDep ROOT side-channel@1.1.0 OK for: qs@6.15.2 want: ^1.1.0
879 silly fetch manifest object-inspect@^1.13.3
880 silly packumentCache full:https://registry.npmjs.org/object-inspect cache-miss
881 silly fetch manifest side-channel-list@^1.0.0
882 silly packumentCache full:https://registry.npmjs.org/side-channel-list cache-miss
883 silly fetch manifest side-channel-map@^1.0.1
884 silly packumentCache full:https://registry.npmjs.org/side-channel-map cache-miss
885 silly fetch manifest side-channel-weakmap@^1.0.2
886 silly packumentCache full:https://registry.npmjs.org/side-channel-weakmap cache-miss
887 http fetch GET 200 https://registry.npmjs.org/side-channel-weakmap 67ms (cache miss)
888 silly packumentCache full:https://registry.npmjs.org/side-channel-weakmap set size:undefined disposed:false
889 http fetch GET 200 https://registry.npmjs.org/object-inspect 70ms (cache miss)
890 silly packumentCache full:https://registry.npmjs.org/object-inspect set size:undefined disposed:false
891 http fetch GET 200 https://registry.npmjs.org/side-channel-map 72ms (cache miss)
892 silly packumentCache full:https://registry.npmjs.org/side-channel-map set size:undefined disposed:false
893 http fetch GET 200 https://registry.npmjs.org/side-channel-list 75ms (cache miss)
894 silly packumentCache full:https://registry.npmjs.org/side-channel-list set size:undefined disposed:false
895 silly placeDep node_modules/send debug@2.6.9 OK for: send@0.19.2 want: 2.6.9
896 silly placeDep ROOT mime@1.6.0 OK for: send@0.19.2 want: 1.6.0
897 silly placeDep ROOT object-inspect@1.13.4 OK for: side-channel@1.1.0 want: ^1.13.3
898 silly placeDep ROOT side-channel-list@1.0.1 OK for: side-channel@1.1.0 want: ^1.0.0
899 silly placeDep ROOT side-channel-map@1.0.1 OK for: side-channel@1.1.0 want: ^1.0.1
900 silly placeDep ROOT side-channel-weakmap@1.0.2 OK for: side-channel@1.1.0 want: ^1.0.2
901 silly fetch manifest call-bound@^1.0.2
902 silly packumentCache full:https://registry.npmjs.org/call-bound cache-miss
903 silly fetch manifest call-bound@^1.0.2
904 silly packumentCache full:https://registry.npmjs.org/call-bound cache-miss
905 http fetch GET 200 https://registry.npmjs.org/call-bound 62ms (cache miss)
906 silly packumentCache full:https://registry.npmjs.org/call-bound set size:undefined disposed:false
907 http fetch GET 200 https://registry.npmjs.org/call-bound 65ms (cache miss)
908 silly packumentCache full:https://registry.npmjs.org/call-bound set size:undefined disposed:false
909 silly placeDep ROOT call-bound@1.0.4 OK for: side-channel-map@1.0.1 want: ^1.0.2
910 silly placeDep ROOT has-flag@4.0.0 OK for: supports-color@7.2.0 want: ^4.0.0
911 silly placeDep ROOT media-typer@0.3.0 OK for: type-is@1.6.18 want: 0.3.0
912 silly placeDep ROOT esbuild@0.25.12 OK for: vite@6.4.2 want: ^0.25.0
913 silly placeDep ROOT fdir@6.5.0 OK for: vite@6.4.2 want: ^6.4.4
914 silly placeDep ROOT fsevents@2.3.3 OK for: vite@6.4.2 want: ~2.3.3
915 silly placeDep ROOT picomatch@4.0.4 OK for: vite@6.4.2 want: ^4.0.2
916 silly placeDep ROOT postcss@8.5.15 OK for: vite@6.4.2 want: ^8.5.3
917 silly placeDep ROOT rollup@4.60.4 OK for: vite@6.4.2 want: ^4.34.9
918 silly placeDep ROOT tinyglobby@0.2.16 OK for: vite@6.4.2 want: ^0.2.13
919 silly fetch manifest @esbuild/aix-ppc64@0.25.12
920 silly packumentCache full:https://registry.npmjs.org/@esbuild%2faix-ppc64 cache-miss
921 silly fetch manifest @esbuild/linux-arm@0.25.12
922 silly packumentCache full:https://registry.npmjs.org/@esbuild%2flinux-arm cache-miss
923 silly fetch manifest @esbuild/linux-x64@0.25.12
924 silly packumentCache full:https://registry.npmjs.org/@esbuild%2flinux-x64 cache-miss
925 silly fetch manifest @esbuild/sunos-x64@0.25.12
926 silly packumentCache full:https://registry.npmjs.org/@esbuild%2fsunos-x64 cache-miss
927 silly fetch manifest @esbuild/win32-x64@0.25.12
928 silly packumentCache full:https://registry.npmjs.org/@esbuild%2fwin32-x64 cache-miss
929 silly fetch manifest @esbuild/darwin-x64@0.25.12
930 silly packumentCache full:https://registry.npmjs.org/@esbuild%2fdarwin-x64 cache-miss
931 silly fetch manifest @esbuild/linux-ia32@0.25.12
932 silly packumentCache full:https://registry.npmjs.org/@esbuild%2flinux-ia32 cache-miss
933 silly fetch manifest @esbuild/netbsd-x64@0.25.12
934 silly packumentCache full:https://registry.npmjs.org/@esbuild%2fnetbsd-x64 cache-miss
935 silly fetch manifest @esbuild/win32-ia32@0.25.12
936 silly packumentCache full:https://registry.npmjs.org/@esbuild%2fwin32-ia32 cache-miss
937 silly fetch manifest @esbuild/android-arm@0.25.12
938 silly packumentCache full:https://registry.npmjs.org/@esbuild%2fandroid-arm cache-miss
939 silly fetch manifest @esbuild/android-x64@0.25.12
940 silly packumentCache full:https://registry.npmjs.org/@esbuild%2fandroid-x64 cache-miss
941 silly fetch manifest @esbuild/freebsd-x64@0.25.12
942 silly packumentCache full:https://registry.npmjs.org/@esbuild%2ffreebsd-x64 cache-miss
943 silly fetch manifest @esbuild/linux-arm64@0.25.12
944 silly packumentCache full:https://registry.npmjs.org/@esbuild%2flinux-arm64 cache-miss
945 silly fetch manifest @esbuild/linux-ppc64@0.25.12
946 silly packumentCache full:https://registry.npmjs.org/@esbuild%2flinux-ppc64 cache-miss
947 silly fetch manifest @esbuild/linux-s390x@0.25.12
948 silly packumentCache full:https://registry.npmjs.org/@esbuild%2flinux-s390x cache-miss
949 http fetch GET 200 https://registry.npmjs.org/@esbuild%2fnetbsd-x64 135ms (cache miss)
950 silly packumentCache full:https://registry.npmjs.org/@esbuild%2fnetbsd-x64 set size:undefined disposed:false
951 silly fetch manifest @esbuild/openbsd-x64@0.25.12
952 silly packumentCache full:https://registry.npmjs.org/@esbuild%2fopenbsd-x64 cache-miss
953 http fetch GET 200 https://registry.npmjs.org/@esbuild%2flinux-x64 141ms (cache miss)
954 silly packumentCache full:https://registry.npmjs.org/@esbuild%2flinux-x64 set size:undefined disposed:false
955 silly fetch manifest @esbuild/win32-arm64@0.25.12
956 silly packumentCache full:https://registry.npmjs.org/@esbuild%2fwin32-arm64 cache-miss
957 http fetch GET 200 https://registry.npmjs.org/@esbuild%2flinux-ppc64 147ms (cache miss)
958 silly packumentCache full:https://registry.npmjs.org/@esbuild%2flinux-ppc64 set size:undefined disposed:false
959 silly fetch manifest @esbuild/darwin-arm64@0.25.12
960 silly packumentCache full:https://registry.npmjs.org/@esbuild%2fdarwin-arm64 cache-miss
961 http fetch GET 200 https://registry.npmjs.org/@esbuild%2flinux-arm 155ms (cache miss)
962 silly packumentCache full:https://registry.npmjs.org/@esbuild%2flinux-arm set size:undefined disposed:false
963 silly fetch manifest @esbuild/netbsd-arm64@0.25.12
964 silly packumentCache full:https://registry.npmjs.org/@esbuild%2fnetbsd-arm64 cache-miss
965 http fetch GET 200 https://registry.npmjs.org/@esbuild%2faix-ppc64 163ms (cache miss)
966 silly packumentCache full:https://registry.npmjs.org/@esbuild%2faix-ppc64 set size:undefined disposed:false
967 silly fetch manifest @esbuild/android-arm64@0.25.12
968 silly packumentCache full:https://registry.npmjs.org/@esbuild%2fandroid-arm64 cache-miss
969 http fetch GET 200 https://registry.npmjs.org/@esbuild%2flinux-ia32 166ms (cache miss)
970 silly packumentCache full:https://registry.npmjs.org/@esbuild%2flinux-ia32 set size:undefined disposed:false
971 silly fetch manifest @esbuild/freebsd-arm64@0.25.12
972 silly packumentCache full:https://registry.npmjs.org/@esbuild%2ffreebsd-arm64 cache-miss
973 http fetch GET 200 https://registry.npmjs.org/@esbuild%2ffreebsd-x64 170ms (cache miss)
974 silly packumentCache full:https://registry.npmjs.org/@esbuild%2ffreebsd-x64 set size:undefined disposed:false
975 silly fetch manifest @esbuild/linux-loong64@0.25.12
976 silly packumentCache full:https://registry.npmjs.org/@esbuild%2flinux-loong64 cache-miss
977 http fetch GET 200 https://registry.npmjs.org/@esbuild%2fwin32-ia32 173ms (cache miss)
978 silly packumentCache full:https://registry.npmjs.org/@esbuild%2fwin32-ia32 set size:undefined disposed:false
979 silly fetch manifest @esbuild/linux-riscv64@0.25.12
980 silly packumentCache full:https://registry.npmjs.org/@esbuild%2flinux-riscv64 cache-miss
981 http fetch GET 200 https://registry.npmjs.org/@esbuild%2fandroid-x64 174ms (cache miss)
982 silly packumentCache full:https://registry.npmjs.org/@esbuild%2fandroid-x64 set size:undefined disposed:false
983 silly fetch manifest @esbuild/openbsd-arm64@0.25.12
984 silly packumentCache full:https://registry.npmjs.org/@esbuild%2fopenbsd-arm64 cache-miss
985 http fetch GET 200 https://registry.npmjs.org/@esbuild%2fandroid-arm 181ms (cache miss)
986 silly packumentCache full:https://registry.npmjs.org/@esbuild%2fandroid-arm set size:undefined disposed:false
987 silly fetch manifest @esbuild/linux-mips64el@0.25.12
988 silly packumentCache full:https://registry.npmjs.org/@esbuild%2flinux-mips64el cache-miss
989 http fetch GET 200 https://registry.npmjs.org/@esbuild%2flinux-s390x 185ms (cache miss)
990 silly packumentCache full:https://registry.npmjs.org/@esbuild%2flinux-s390x set size:undefined disposed:false
991 silly fetch manifest @esbuild/openharmony-arm64@0.25.12
992 silly packumentCache full:https://registry.npmjs.org/@esbuild%2fopenharmony-arm64 cache-miss
993 http fetch GET 200 https://registry.npmjs.org/@esbuild%2flinux-arm64 192ms (cache miss)
994 silly packumentCache full:https://registry.npmjs.org/@esbuild%2flinux-arm64 set size:undefined disposed:false
995 silly fetch manifest picocolors@^1.1.1
996 silly packumentCache full:https://registry.npmjs.org/picocolors cache-miss
997 http fetch GET 200 https://registry.npmjs.org/@esbuild%2fsunos-x64 199ms (cache miss)
998 silly packumentCache full:https://registry.npmjs.org/@esbuild%2fsunos-x64 set size:undefined disposed:false
999 silly fetch manifest source-map-js@^1.2.1
1000 silly packumentCache full:https://registry.npmjs.org/source-map-js cache-miss
1001 http fetch GET 200 https://registry.npmjs.org/@esbuild%2fwin32-arm64 82ms (cache miss)
1002 silly packumentCache full:https://registry.npmjs.org/@esbuild%2fwin32-arm64 set size:undefined disposed:false
1003 silly fetch manifest @types/estree@1.0.8
1004 silly packumentCache full:https://registry.npmjs.org/@types%2festree cache-miss
1005 http fetch GET 200 https://registry.npmjs.org/@esbuild%2fopenbsd-x64 97ms (cache miss)
1006 silly packumentCache full:https://registry.npmjs.org/@esbuild%2fopenbsd-x64 set size:undefined disposed:false
1007 silly fetch manifest @rollup/rollup-darwin-arm64@4.60.4
1008 silly packumentCache full:https://registry.npmjs.org/@rollup%2frollup-darwin-arm64 cache-miss
1009 http fetch GET 200 https://registry.npmjs.org/@esbuild%2fnetbsd-arm64 99ms (cache miss)
1010 silly packumentCache full:https://registry.npmjs.org/@esbuild%2fnetbsd-arm64 set size:undefined disposed:false
1011 silly fetch manifest @rollup/rollup-android-arm64@4.60.4
1012 silly packumentCache full:https://registry.npmjs.org/@rollup%2frollup-android-arm64 cache-miss
1013 http fetch GET 200 https://registry.npmjs.org/@esbuild%2fwin32-x64 274ms (cache miss)
1014 silly packumentCache full:https://registry.npmjs.org/@esbuild%2fwin32-x64 set size:undefined disposed:false
1015 silly fetch manifest @rollup/rollup-win32-arm64-msvc@4.60.4
1016 silly packumentCache full:https://registry.npmjs.org/@rollup%2frollup-win32-arm64-msvc cache-miss
1017 http fetch GET 200 https://registry.npmjs.org/@esbuild%2fdarwin-arm64 137ms (cache miss)
1018 silly packumentCache full:https://registry.npmjs.org/@esbuild%2fdarwin-arm64 set size:undefined disposed:false
1019 silly fetch manifest @rollup/rollup-freebsd-arm64@4.60.4
1020 silly packumentCache full:https://registry.npmjs.org/@rollup%2frollup-freebsd-arm64 cache-miss
1021 http fetch GET 200 https://registry.npmjs.org/@esbuild%2fandroid-arm64 162ms (cache miss)
1022 silly packumentCache full:https://registry.npmjs.org/@esbuild%2fandroid-arm64 set size:undefined disposed:false
1023 silly fetch manifest @rollup/rollup-linux-arm64-gnu@4.60.4
1024 silly packumentCache full:https://registry.npmjs.org/@rollup%2frollup-linux-arm64-gnu cache-miss
1025 http fetch GET 200 https://registry.npmjs.org/@esbuild%2fopenbsd-arm64 154ms (cache miss)
1026 silly packumentCache full:https://registry.npmjs.org/@esbuild%2fopenbsd-arm64 set size:undefined disposed:false
1027 silly fetch manifest @rollup/rollup-linux-arm64-musl@4.60.4
1028 silly packumentCache full:https://registry.npmjs.org/@rollup%2frollup-linux-arm64-musl cache-miss
1029 http fetch GET 200 https://registry.npmjs.org/@esbuild%2fdarwin-x64 334ms (cache miss)
1030 silly packumentCache full:https://registry.npmjs.org/@esbuild%2fdarwin-x64 set size:undefined disposed:false
1031 silly fetch manifest @rollup/rollup-android-arm-eabi@4.60.4
1032 silly packumentCache full:https://registry.npmjs.org/@rollup%2frollup-android-arm-eabi cache-miss
1033 http fetch GET 200 https://registry.npmjs.org/@esbuild%2fopenharmony-arm64 148ms (cache miss)
1034 silly packumentCache full:https://registry.npmjs.org/@esbuild%2fopenharmony-arm64 set size:undefined disposed:false
1035 silly fetch manifest @rollup/rollup-linux-arm-gnueabihf@4.60.4
1036 silly packumentCache full:https://registry.npmjs.org/@rollup%2frollup-linux-arm-gnueabihf cache-miss
1037 http fetch GET 200 https://registry.npmjs.org/@esbuild%2ffreebsd-arm64 174ms (cache miss)
1038 silly packumentCache full:https://registry.npmjs.org/@esbuild%2ffreebsd-arm64 set size:undefined disposed:false
1039 silly fetch manifest @rollup/rollup-linux-arm-musleabihf@4.60.4
1040 silly packumentCache full:https://registry.npmjs.org/@rollup%2frollup-linux-arm-musleabihf cache-miss
1041 http fetch GET 200 https://registry.npmjs.org/source-map-js 147ms (cache miss)
1042 silly packumentCache full:https://registry.npmjs.org/source-map-js set size:undefined disposed:false
1043 silly fetch manifest @rollup/rollup-win32-ia32-msvc@4.60.4
1044 silly packumentCache full:https://registry.npmjs.org/@rollup%2frollup-win32-ia32-msvc cache-miss
1045 http fetch GET 200 https://registry.npmjs.org/picocolors 154ms (cache miss)
1046 silly packumentCache full:https://registry.npmjs.org/picocolors set size:undefined disposed:false
1047 silly fetch manifest @rollup/rollup-linux-loong64-gnu@4.60.4
1048 silly packumentCache full:https://registry.npmjs.org/@rollup%2frollup-linux-loong64-gnu cache-miss
1049 http fetch GET 200 https://registry.npmjs.org/@esbuild%2flinux-loong64 183ms (cache miss)
1050 silly packumentCache full:https://registry.npmjs.org/@esbuild%2flinux-loong64 set size:undefined disposed:false
1051 silly fetch manifest @rollup/rollup-linux-loong64-musl@4.60.4
1052 silly packumentCache full:https://registry.npmjs.org/@rollup%2frollup-linux-loong64-musl cache-miss
1053 http fetch GET 200 https://registry.npmjs.org/@types%2festree 134ms (cache miss)
1054 silly packumentCache full:https://registry.npmjs.org/@types%2festree set size:undefined disposed:false
1055 silly fetch manifest @rollup/rollup-linux-riscv64-gnu@4.60.4
1056 silly packumentCache full:https://registry.npmjs.org/@rollup%2frollup-linux-riscv64-gnu cache-miss
1057 http fetch GET 200 https://registry.npmjs.org/@esbuild%2flinux-mips64el 183ms (cache miss)
1058 silly packumentCache full:https://registry.npmjs.org/@esbuild%2flinux-mips64el set size:undefined disposed:false
1059 silly fetch manifest @rollup/rollup-linux-riscv64-musl@4.60.4
1060 silly packumentCache full:https://registry.npmjs.org/@rollup%2frollup-linux-riscv64-musl cache-miss
1061 http fetch GET 200 https://registry.npmjs.org/@rollup%2frollup-darwin-arm64 134ms (cache miss)
1062 silly packumentCache full:https://registry.npmjs.org/@rollup%2frollup-darwin-arm64 set size:undefined disposed:false
1063 silly fetch manifest @rollup/rollup-linux-ppc64-gnu@4.60.4
1064 silly packumentCache full:https://registry.npmjs.org/@rollup%2frollup-linux-ppc64-gnu cache-miss
1065 http fetch GET 200 https://registry.npmjs.org/@rollup%2frollup-freebsd-arm64 89ms (cache miss)
1066 silly packumentCache full:https://registry.npmjs.org/@rollup%2frollup-freebsd-arm64 set size:undefined disposed:false
1067 silly fetch manifest @rollup/rollup-linux-ppc64-musl@4.60.4
1068 silly packumentCache full:https://registry.npmjs.org/@rollup%2frollup-linux-ppc64-musl cache-miss
1069 http fetch GET 200 https://registry.npmjs.org/@rollup%2frollup-linux-arm64-gnu 89ms (cache miss)
1070 silly packumentCache full:https://registry.npmjs.org/@rollup%2frollup-linux-arm64-gnu set size:undefined disposed:false
1071 silly fetch manifest @rollup/rollup-linux-s390x-gnu@4.60.4
1072 silly packumentCache full:https://registry.npmjs.org/@rollup%2frollup-linux-s390x-gnu cache-miss
1073 http fetch GET 200 https://registry.npmjs.org/@rollup%2frollup-android-arm64 201ms (cache miss)
1074 silly packumentCache full:https://registry.npmjs.org/@rollup%2frollup-android-arm64 set size:undefined disposed:false
1075 silly fetch manifest @rollup/rollup-darwin-x64@4.60.4
1076 silly packumentCache full:https://registry.npmjs.org/@rollup%2frollup-darwin-x64 cache-miss
1077 http fetch GET 200 https://registry.npmjs.org/@rollup%2frollup-linux-arm64-musl 135ms (cache miss)
1078 silly packumentCache full:https://registry.npmjs.org/@rollup%2frollup-linux-arm64-musl set size:undefined disposed:false
1079 silly fetch manifest @rollup/rollup-win32-x64-gnu@4.60.4
1080 silly packumentCache full:https://registry.npmjs.org/@rollup%2frollup-win32-x64-gnu cache-miss
1081 http fetch GET 200 https://registry.npmjs.org/@esbuild%2flinux-riscv64 296ms (cache miss)
1082 silly packumentCache full:https://registry.npmjs.org/@esbuild%2flinux-riscv64 set size:undefined disposed:false
1083 silly fetch manifest @rollup/rollup-win32-x64-msvc@4.60.4
1084 silly packumentCache full:https://registry.npmjs.org/@rollup%2frollup-win32-x64-msvc cache-miss
1085 http fetch GET 200 https://registry.npmjs.org/@rollup%2frollup-linux-loong64-musl 114ms (cache miss)
1086 silly packumentCache full:https://registry.npmjs.org/@rollup%2frollup-linux-loong64-musl set size:undefined disposed:false
1087 silly fetch manifest @rollup/rollup-freebsd-x64@4.60.4
1088 silly packumentCache full:https://registry.npmjs.org/@rollup%2frollup-freebsd-x64 cache-miss
1089 http fetch GET 200 https://registry.npmjs.org/@rollup%2frollup-linux-riscv64-musl 108ms (cache miss)
1090 silly packumentCache full:https://registry.npmjs.org/@rollup%2frollup-linux-riscv64-musl set size:undefined disposed:false
1091 silly fetch manifest @rollup/rollup-linux-x64-gnu@4.60.4
1092 silly packumentCache full:https://registry.npmjs.org/@rollup%2frollup-linux-x64-gnu cache-miss
1093 http fetch GET 200 https://registry.npmjs.org/@rollup%2frollup-android-arm-eabi 144ms (cache miss)
1094 silly packumentCache full:https://registry.npmjs.org/@rollup%2frollup-android-arm-eabi set size:undefined disposed:false
1095 silly fetch manifest @rollup/rollup-linux-x64-musl@4.60.4
1096 silly packumentCache full:https://registry.npmjs.org/@rollup%2frollup-linux-x64-musl cache-miss
1097 http fetch GET 200 https://registry.npmjs.org/@rollup%2frollup-linux-arm-musleabihf 146ms (cache miss)
1098 silly packumentCache full:https://registry.npmjs.org/@rollup%2frollup-linux-arm-musleabihf set size:undefined disposed:false
1099 silly fetch manifest @rollup/rollup-openbsd-x64@4.60.4
1100 silly packumentCache full:https://registry.npmjs.org/@rollup%2frollup-openbsd-x64 cache-miss
1101 http fetch GET 200 https://registry.npmjs.org/@rollup%2frollup-linux-ppc64-musl 114ms (cache miss)
1102 silly packumentCache full:https://registry.npmjs.org/@rollup%2frollup-linux-ppc64-musl set size:undefined disposed:false
1103 silly fetch manifest @rollup/rollup-openharmony-arm64@4.60.4
1104 silly packumentCache full:https://registry.npmjs.org/@rollup%2frollup-openharmony-arm64 cache-miss
1105 http fetch GET 200 https://registry.npmjs.org/@rollup%2frollup-win32-ia32-msvc 153ms (cache miss)
1106 silly packumentCache full:https://registry.npmjs.org/@rollup%2frollup-win32-ia32-msvc set size:undefined disposed:false
1107 http fetch GET 200 https://registry.npmjs.org/@rollup%2frollup-linux-ppc64-gnu 130ms (cache miss)
1108 silly packumentCache full:https://registry.npmjs.org/@rollup%2frollup-linux-ppc64-gnu set size:undefined disposed:false
1109 http fetch GET 200 https://registry.npmjs.org/@rollup%2frollup-linux-arm-gnueabihf 168ms (cache miss)
1110 silly packumentCache full:https://registry.npmjs.org/@rollup%2frollup-linux-arm-gnueabihf set size:undefined disposed:false
1111 http fetch GET 200 https://registry.npmjs.org/@rollup%2frollup-win32-arm64-msvc 236ms (cache miss)
1112 silly packumentCache full:https://registry.npmjs.org/@rollup%2frollup-win32-arm64-msvc set size:undefined disposed:false
1113 http fetch GET 200 https://registry.npmjs.org/@rollup%2frollup-linux-riscv64-gnu 151ms (cache miss)
1114 silly packumentCache full:https://registry.npmjs.org/@rollup%2frollup-linux-riscv64-gnu set size:undefined disposed:false
1115 http fetch GET 200 https://registry.npmjs.org/@rollup%2frollup-linux-loong64-gnu 171ms (cache miss)
1116 silly packumentCache full:https://registry.npmjs.org/@rollup%2frollup-linux-loong64-gnu set size:undefined disposed:false
1117 http fetch GET 200 https://registry.npmjs.org/@rollup%2frollup-linux-s390x-gnu 106ms (cache miss)
1118 silly packumentCache full:https://registry.npmjs.org/@rollup%2frollup-linux-s390x-gnu set size:undefined disposed:false
1119 http fetch GET 200 https://registry.npmjs.org/@rollup%2frollup-win32-x64-gnu 81ms (cache miss)
1120 silly packumentCache full:https://registry.npmjs.org/@rollup%2frollup-win32-x64-gnu set size:undefined disposed:false
1121 http fetch GET 200 https://registry.npmjs.org/@rollup%2frollup-freebsd-x64 89ms (cache miss)
1122 silly packumentCache full:https://registry.npmjs.org/@rollup%2frollup-freebsd-x64 set size:undefined disposed:false
1123 http fetch GET 200 https://registry.npmjs.org/@rollup%2frollup-linux-x64-gnu 93ms (cache miss)
1124 silly packumentCache full:https://registry.npmjs.org/@rollup%2frollup-linux-x64-gnu set size:undefined disposed:false
1125 http fetch GET 200 https://registry.npmjs.org/@rollup%2frollup-win32-x64-msvc 105ms (cache miss)
1126 silly packumentCache full:https://registry.npmjs.org/@rollup%2frollup-win32-x64-msvc set size:undefined disposed:false
1127 http fetch GET 200 https://registry.npmjs.org/@rollup%2frollup-linux-x64-musl 97ms (cache miss)
1128 silly packumentCache full:https://registry.npmjs.org/@rollup%2frollup-linux-x64-musl set size:undefined disposed:false
1129 http fetch GET 200 https://registry.npmjs.org/@rollup%2frollup-openbsd-x64 93ms (cache miss)
1130 silly packumentCache full:https://registry.npmjs.org/@rollup%2frollup-openbsd-x64 set size:undefined disposed:false
1131 http fetch GET 200 https://registry.npmjs.org/@rollup%2frollup-openharmony-arm64 100ms (cache miss)
1132 silly packumentCache full:https://registry.npmjs.org/@rollup%2frollup-openharmony-arm64 set size:undefined disposed:false
1133 http fetch GET 200 https://registry.npmjs.org/@rollup%2frollup-darwin-x64 171ms (cache miss)
1134 silly packumentCache full:https://registry.npmjs.org/@rollup%2frollup-darwin-x64 set size:undefined disposed:false
1135 silly placeDep ROOT @esbuild/aix-ppc64@0.25.12 OK for: esbuild@0.25.12 want: 0.25.12
1136 silly placeDep ROOT @esbuild/android-arm@0.25.12 OK for: esbuild@0.25.12 want: 0.25.12
1137 silly placeDep ROOT @esbuild/android-arm64@0.25.12 OK for: esbuild@0.25.12 want: 0.25.12
1138 silly placeDep ROOT @esbuild/android-x64@0.25.12 OK for: esbuild@0.25.12 want: 0.25.12
1139 silly placeDep ROOT @esbuild/darwin-arm64@0.25.12 OK for: esbuild@0.25.12 want: 0.25.12
1140 silly placeDep ROOT @esbuild/darwin-x64@0.25.12 OK for: esbuild@0.25.12 want: 0.25.12
1141 silly placeDep ROOT @esbuild/freebsd-arm64@0.25.12 OK for: esbuild@0.25.12 want: 0.25.12
1142 silly placeDep ROOT @esbuild/freebsd-x64@0.25.12 OK for: esbuild@0.25.12 want: 0.25.12
1143 silly placeDep ROOT @esbuild/linux-arm@0.25.12 OK for: esbuild@0.25.12 want: 0.25.12
1144 silly placeDep ROOT @esbuild/linux-arm64@0.25.12 OK for: esbuild@0.25.12 want: 0.25.12
1145 silly placeDep ROOT @esbuild/linux-ia32@0.25.12 OK for: esbuild@0.25.12 want: 0.25.12
1146 silly placeDep ROOT @esbuild/linux-loong64@0.25.12 OK for: esbuild@0.25.12 want: 0.25.12
1147 silly placeDep ROOT @esbuild/linux-mips64el@0.25.12 OK for: esbuild@0.25.12 want: 0.25.12
1148 silly placeDep ROOT @esbuild/linux-ppc64@0.25.12 OK for: esbuild@0.25.12 want: 0.25.12
1149 silly placeDep ROOT @esbuild/linux-riscv64@0.25.12 OK for: esbuild@0.25.12 want: 0.25.12
1150 silly placeDep ROOT @esbuild/linux-s390x@0.25.12 OK for: esbuild@0.25.12 want: 0.25.12
1151 silly placeDep ROOT @esbuild/linux-x64@0.25.12 OK for: esbuild@0.25.12 want: 0.25.12
1152 silly placeDep ROOT @esbuild/netbsd-arm64@0.25.12 OK for: esbuild@0.25.12 want: 0.25.12
1153 silly placeDep ROOT @esbuild/netbsd-x64@0.25.12 OK for: esbuild@0.25.12 want: 0.25.12
1154 silly placeDep ROOT @esbuild/openbsd-arm64@0.25.12 OK for: esbuild@0.25.12 want: 0.25.12
1155 silly placeDep ROOT @esbuild/openbsd-x64@0.25.12 OK for: esbuild@0.25.12 want: 0.25.12
1156 silly placeDep ROOT @esbuild/openharmony-arm64@0.25.12 OK for: esbuild@0.25.12 want: 0.25.12
1157 silly placeDep ROOT @esbuild/sunos-x64@0.25.12 OK for: esbuild@0.25.12 want: 0.25.12
1158 silly placeDep ROOT @esbuild/win32-arm64@0.25.12 OK for: esbuild@0.25.12 want: 0.25.12
1159 silly placeDep ROOT @esbuild/win32-ia32@0.25.12 OK for: esbuild@0.25.12 want: 0.25.12
1160 silly placeDep ROOT @esbuild/win32-x64@0.25.12 OK for: esbuild@0.25.12 want: 0.25.12
1161 silly placeDep ROOT picocolors@1.1.1 OK for: postcss@8.5.15 want: ^1.1.1
1162 silly placeDep ROOT source-map-js@1.2.1 OK for: postcss@8.5.15 want: ^1.2.1
1163 silly placeDep ROOT @rollup/rollup-android-arm-eabi@4.60.4 OK for: rollup@4.60.4 want: 4.60.4
1164 silly placeDep ROOT @rollup/rollup-android-arm64@4.60.4 OK for: rollup@4.60.4 want: 4.60.4
1165 silly placeDep ROOT @rollup/rollup-darwin-arm64@4.60.4 OK for: rollup@4.60.4 want: 4.60.4
1166 silly placeDep ROOT @rollup/rollup-darwin-x64@4.60.4 OK for: rollup@4.60.4 want: 4.60.4
1167 silly placeDep ROOT @rollup/rollup-freebsd-arm64@4.60.4 OK for: rollup@4.60.4 want: 4.60.4
1168 silly placeDep ROOT @rollup/rollup-freebsd-x64@4.60.4 OK for: rollup@4.60.4 want: 4.60.4
1169 silly placeDep ROOT @rollup/rollup-linux-arm-gnueabihf@4.60.4 OK for: rollup@4.60.4 want: 4.60.4
1170 silly placeDep ROOT @rollup/rollup-linux-arm-musleabihf@4.60.4 OK for: rollup@4.60.4 want: 4.60.4
1171 silly placeDep ROOT @rollup/rollup-linux-arm64-gnu@4.60.4 OK for: rollup@4.60.4 want: 4.60.4
1172 silly placeDep ROOT @rollup/rollup-linux-arm64-musl@4.60.4 OK for: rollup@4.60.4 want: 4.60.4
1173 silly placeDep ROOT @rollup/rollup-linux-loong64-gnu@4.60.4 OK for: rollup@4.60.4 want: 4.60.4
1174 silly placeDep ROOT @rollup/rollup-linux-loong64-musl@4.60.4 OK for: rollup@4.60.4 want: 4.60.4
1175 silly placeDep ROOT @rollup/rollup-linux-ppc64-gnu@4.60.4 OK for: rollup@4.60.4 want: 4.60.4
1176 silly placeDep ROOT @rollup/rollup-linux-ppc64-musl@4.60.4 OK for: rollup@4.60.4 want: 4.60.4
1177 silly placeDep ROOT @rollup/rollup-linux-riscv64-gnu@4.60.4 OK for: rollup@4.60.4 want: 4.60.4
1178 silly placeDep ROOT @rollup/rollup-linux-riscv64-musl@4.60.4 OK for: rollup@4.60.4 want: 4.60.4
1179 silly placeDep ROOT @rollup/rollup-linux-s390x-gnu@4.60.4 OK for: rollup@4.60.4 want: 4.60.4
1180 silly placeDep ROOT @rollup/rollup-linux-x64-gnu@4.60.4 OK for: rollup@4.60.4 want: 4.60.4
1181 silly placeDep ROOT @rollup/rollup-linux-x64-musl@4.60.4 OK for: rollup@4.60.4 want: 4.60.4
1182 silly placeDep ROOT @rollup/rollup-openbsd-x64@4.60.4 OK for: rollup@4.60.4 want: 4.60.4
1183 silly placeDep ROOT @rollup/rollup-openharmony-arm64@4.60.4 OK for: rollup@4.60.4 want: 4.60.4
1184 silly placeDep ROOT @rollup/rollup-win32-arm64-msvc@4.60.4 OK for: rollup@4.60.4 want: 4.60.4
1185 silly placeDep ROOT @rollup/rollup-win32-ia32-msvc@4.60.4 OK for: rollup@4.60.4 want: 4.60.4
1186 silly placeDep ROOT @rollup/rollup-win32-x64-gnu@4.60.4 OK for: rollup@4.60.4 want: 4.60.4
1187 silly placeDep ROOT @rollup/rollup-win32-x64-msvc@4.60.4 OK for: rollup@4.60.4 want: 4.60.4
1188 silly placeDep ROOT @types/estree@1.0.8 OK for: rollup@4.60.4 want: 1.0.8
1189 silly fetch manifest vue@3.5.34
1190 silly packumentCache full:https://registry.npmjs.org/vue cache-miss
1191 http cache https://registry.npmjs.org/vue 9ms (cache hit)
1192 silly packumentCache full:https://registry.npmjs.org/vue set size:2035974 disposed:false
1193 silly placeDep ROOT @vue/compiler-dom@3.5.34 OK for: vue@3.5.34 want: 3.5.34
1194 silly placeDep ROOT @vue/compiler-sfc@3.5.34 OK for: vue@3.5.34 want: 3.5.34
1195 silly placeDep ROOT @vue/runtime-dom@3.5.34 OK for: vue@3.5.34 want: 3.5.34
1196 silly placeDep ROOT @vue/server-renderer@3.5.34 OK for: vue@3.5.34 want: 3.5.34
1197 silly placeDep ROOT @vue/shared@3.5.34 OK for: vue@3.5.34 want: 3.5.34
1198 silly fetch manifest @vue/compiler-core@3.5.34
1199 silly packumentCache full:https://registry.npmjs.org/@vue%2fcompiler-core cache-miss
1200 silly fetch manifest magic-string@^0.30.21
1201 silly packumentCache full:https://registry.npmjs.org/magic-string cache-miss
1202 silly fetch manifest @babel/parser@^7.29.3
1203 silly packumentCache full:https://registry.npmjs.org/@babel%2fparser cache-miss
1204 silly fetch manifest estree-walker@^2.0.2
1205 silly packumentCache full:https://registry.npmjs.org/estree-walker cache-miss
1206 silly fetch manifest @vue/compiler-ssr@3.5.34
1207 silly packumentCache full:https://registry.npmjs.org/@vue%2fcompiler-ssr cache-miss
1208 silly fetch manifest @vue/compiler-core@3.5.34
1209 silly packumentCache full:https://registry.npmjs.org/@vue%2fcompiler-core cache-miss
1210 silly fetch manifest csstype@^3.2.3
1211 silly packumentCache full:https://registry.npmjs.org/csstype cache-miss
1212 silly fetch manifest @vue/reactivity@3.5.34
1213 silly packumentCache full:https://registry.npmjs.org/@vue%2freactivity cache-miss
1214 silly fetch manifest @vue/runtime-core@3.5.34
1215 silly packumentCache full:https://registry.npmjs.org/@vue%2fruntime-core cache-miss
1216 silly fetch manifest @vue/compiler-ssr@3.5.34
1217 silly packumentCache full:https://registry.npmjs.org/@vue%2fcompiler-ssr cache-miss
1218 http fetch GET 200 https://registry.npmjs.org/magic-string 75ms (cache miss)
1219 silly packumentCache full:https://registry.npmjs.org/magic-string set size:undefined disposed:false
1220 http fetch GET 200 https://registry.npmjs.org/csstype 83ms (cache miss)
1221 silly packumentCache full:https://registry.npmjs.org/csstype set size:undefined disposed:false
1222 http fetch GET 200 https://registry.npmjs.org/estree-walker 121ms (cache miss)
1223 silly packumentCache full:https://registry.npmjs.org/estree-walker set size:undefined disposed:false
1224 http fetch GET 200 https://registry.npmjs.org/@vue%2fcompiler-ssr 127ms (cache miss)
1225 silly packumentCache full:https://registry.npmjs.org/@vue%2fcompiler-ssr set size:undefined disposed:false
1226 http fetch GET 200 https://registry.npmjs.org/@vue%2fcompiler-core 143ms (cache miss)
1227 silly packumentCache full:https://registry.npmjs.org/@vue%2fcompiler-core set size:undefined disposed:false
1228 http fetch GET 200 https://registry.npmjs.org/@vue%2freactivity 148ms (cache miss)
1229 silly packumentCache full:https://registry.npmjs.org/@vue%2freactivity set size:undefined disposed:false
1230 http fetch GET 200 https://registry.npmjs.org/@vue%2fruntime-core 158ms (cache miss)
1231 silly packumentCache full:https://registry.npmjs.org/@vue%2fruntime-core set size:undefined disposed:false
1232 http fetch GET 200 https://registry.npmjs.org/@vue%2fcompiler-ssr 165ms (cache miss)
1233 silly packumentCache full:https://registry.npmjs.org/@vue%2fcompiler-ssr set size:undefined disposed:false
1234 http fetch GET 200 https://registry.npmjs.org/@vue%2fcompiler-core 169ms (cache miss)
1235 silly packumentCache full:https://registry.npmjs.org/@vue%2fcompiler-core set size:undefined disposed:false
1236 http fetch GET 200 https://registry.npmjs.org/@babel%2fparser 178ms (cache miss)
1237 silly packumentCache full:https://registry.npmjs.org/@babel%2fparser set size:undefined disposed:false
1238 silly placeDep ROOT @vue/compiler-core@3.5.34 OK for: @vue/compiler-dom@3.5.34 want: 3.5.34
1239 silly fetch manifest entities@^7.0.1
1240 silly packumentCache full:https://registry.npmjs.org/entities cache-miss
1241 http fetch GET 200 https://registry.npmjs.org/entities 66ms (cache miss)
1242 silly packumentCache full:https://registry.npmjs.org/entities set size:undefined disposed:false
1243 silly placeDep ROOT @babel/parser@7.29.7 OK for: @vue/compiler-core@3.5.34 want: ^7.29.3
1244 silly placeDep ROOT entities@7.0.1 OK for: @vue/compiler-core@3.5.34 want: ^7.0.1
1245 silly placeDep ROOT estree-walker@2.0.2 OK for: @vue/compiler-core@3.5.34 want: ^2.0.2
1246 silly fetch manifest @babel/types@^7.29.7
1247 silly packumentCache full:https://registry.npmjs.org/@babel%2ftypes cache-miss
1248 http fetch GET 200 https://registry.npmjs.org/@babel%2ftypes 97ms (cache miss)
1249 silly packumentCache full:https://registry.npmjs.org/@babel%2ftypes set size:undefined disposed:false
1250 silly placeDep ROOT @babel/types@7.29.7 OK for: @babel/parser@7.29.7 want: ^7.29.7
1251 silly fetch manifest @babel/helper-string-parser@^7.29.7
1252 silly packumentCache full:https://registry.npmjs.org/@babel%2fhelper-string-parser cache-miss
1253 silly fetch manifest @babel/helper-validator-identifier@^7.29.7
1254 silly packumentCache full:https://registry.npmjs.org/@babel%2fhelper-validator-identifier cache-miss
1255 http fetch GET 200 https://registry.npmjs.org/@babel%2fhelper-string-parser 125ms (cache miss)
1256 silly packumentCache full:https://registry.npmjs.org/@babel%2fhelper-string-parser set size:undefined disposed:false
1257 http fetch GET 200 https://registry.npmjs.org/@babel%2fhelper-validator-identifier 140ms (cache miss)
1258 silly packumentCache full:https://registry.npmjs.org/@babel%2fhelper-validator-identifier set size:undefined disposed:false
1259 silly placeDep ROOT @babel/helper-string-parser@7.29.7 OK for: @babel/types@7.29.7 want: ^7.29.7
1260 silly placeDep ROOT @babel/helper-validator-identifier@7.29.7 OK for: @babel/types@7.29.7 want: ^7.29.7
1261 silly placeDep ROOT @vue/compiler-ssr@3.5.34 OK for: @vue/compiler-sfc@3.5.34 want: 3.5.34
1262 silly placeDep ROOT magic-string@0.30.21 OK for: @vue/compiler-sfc@3.5.34 want: ^0.30.21
1263 silly fetch manifest @jridgewell/sourcemap-codec@^1.5.5
1264 silly packumentCache full:https://registry.npmjs.org/@jridgewell%2fsourcemap-codec cache-miss
1265 http fetch GET 200 https://registry.npmjs.org/@jridgewell%2fsourcemap-codec 104ms (cache miss)
1266 silly packumentCache full:https://registry.npmjs.org/@jridgewell%2fsourcemap-codec set size:undefined disposed:false
1267 silly placeDep ROOT @vue/reactivity@3.5.34 OK for: @vue/runtime-dom@3.5.34 want: 3.5.34
1268 silly placeDep ROOT @vue/runtime-core@3.5.34 OK for: @vue/runtime-dom@3.5.34 want: 3.5.34
1269 silly placeDep ROOT csstype@3.2.3 OK for: @vue/runtime-dom@3.5.34 want: ^3.2.3
1270 silly placeDep ROOT @jridgewell/sourcemap-codec@1.5.5 OK for: magic-string@0.30.21 want: ^1.5.5
1271 silly placeDep ROOT @vue/devtools-api@6.6.4 OK for: vue-router@4.6.4 want: ^6.6.4
1272 silly placeDep ROOT cliui@8.0.1 OK for: yargs@17.7.2 want: ^8.0.1
1273 silly placeDep ROOT escalade@3.2.0 OK for: yargs@17.7.2 want: ^3.1.1
1274 silly placeDep ROOT get-caller-file@2.0.5 OK for: yargs@17.7.2 want: ^2.0.5
1275 silly placeDep ROOT require-directory@2.1.1 OK for: yargs@17.7.2 want: ^2.1.1
1276 silly placeDep ROOT string-width@4.2.3 OK for: yargs@17.7.2 want: ^4.2.3
1277 silly placeDep ROOT y18n@5.0.8 OK for: yargs@17.7.2 want: ^5.0.5
1278 silly placeDep ROOT yargs-parser@21.1.1 OK for: yargs@17.7.2 want: ^21.1.1
1279 silly fetch manifest wrap-ansi@^7.0.0
1280 silly packumentCache full:https://registry.npmjs.org/wrap-ansi cache-miss
1281 silly fetch manifest strip-ansi@^6.0.1
1282 silly packumentCache full:https://registry.npmjs.org/strip-ansi cache-miss
1283 silly fetch manifest strip-ansi@^6.0.1
1284 silly packumentCache full:https://registry.npmjs.org/strip-ansi cache-miss
1285 silly fetch manifest emoji-regex@^8.0.0
1286 silly packumentCache full:https://registry.npmjs.org/emoji-regex cache-miss
1287 silly fetch manifest is-fullwidth-code-point@^3.0.0
1288 silly packumentCache full:https://registry.npmjs.org/is-fullwidth-code-point cache-miss
1289 http fetch GET 200 https://registry.npmjs.org/strip-ansi 73ms (cache miss)
1290 silly packumentCache full:https://registry.npmjs.org/strip-ansi set size:undefined disposed:false
1291 http fetch GET 200 https://registry.npmjs.org/strip-ansi 74ms (cache miss)
1292 silly packumentCache full:https://registry.npmjs.org/strip-ansi set size:undefined disposed:false
1293 http fetch GET 200 https://registry.npmjs.org/is-fullwidth-code-point 75ms (cache miss)
1294 silly packumentCache full:https://registry.npmjs.org/is-fullwidth-code-point set size:undefined disposed:false
1295 http fetch GET 200 https://registry.npmjs.org/wrap-ansi 79ms (cache miss)
1296 silly packumentCache full:https://registry.npmjs.org/wrap-ansi set size:undefined disposed:false
1297 http fetch GET 200 https://registry.npmjs.org/emoji-regex 111ms (cache miss)
1298 silly packumentCache full:https://registry.npmjs.org/emoji-regex set size:undefined disposed:false
1299 silly placeDep ROOT strip-ansi@6.0.1 OK for: cliui@8.0.1 want: ^6.0.1
1300 silly placeDep ROOT wrap-ansi@7.0.0 OK for: cliui@8.0.1 want: ^7.0.0
1301 silly fetch manifest ansi-regex@^5.0.1
1302 silly packumentCache full:https://registry.npmjs.org/ansi-regex cache-miss
1303 http fetch GET 200 https://registry.npmjs.org/ansi-regex 74ms (cache miss)
1304 silly packumentCache full:https://registry.npmjs.org/ansi-regex set size:undefined disposed:false
1305 silly placeDep ROOT emoji-regex@8.0.0 OK for: string-width@4.2.3 want: ^8.0.0
1306 silly placeDep ROOT is-fullwidth-code-point@3.0.0 OK for: string-width@4.2.3 want: ^3.0.0
1307 silly placeDep ROOT ansi-regex@5.0.1 OK for: strip-ansi@6.0.1 want: ^5.0.1
1308 silly placeDep node_modules/body-parser ms@2.0.0 OK for: debug@2.6.9 want: 2.0.0
1309 silly placeDep node_modules/compression ms@2.0.0 OK for: debug@2.6.9 want: 2.0.0
1310 silly placeDep ROOT isarray@0.0.1 OK for: path-to-regexp@1.9.0 want: 0.0.1
1311 silly placeDep node_modules/express ms@2.0.0 OK for: debug@2.6.9 want: 2.0.0
1312 silly placeDep node_modules/finalhandler ms@2.0.0 OK for: debug@2.6.9 want: 2.0.0
1313 silly placeDep node_modules/json-server-auth cliui@7.0.4 OK for: yargs@16.2.0 want: ^7.0.2
1314 silly placeDep node_modules/json-server-auth yargs-parser@20.2.9 OK for: yargs@16.2.0 want: ^20.2.2
1315 silly placeDep node_modules/method-override ms@2.0.0 OK for: debug@3.1.0 want: 2.0.0
1316 silly placeDep node_modules/morgan ms@2.0.0 OK for: debug@2.6.9 want: 2.0.0
1317 silly placeDep node_modules/send/node_modules/debug ms@2.0.0 OK for: debug@2.6.9 want: 2.0.0
1318 silly reify moves {}
1319 silly audit bulk request {
1319 silly audit   '@vitejs/plugin-vue': [ '5.2.4' ],
1319 silly audit   vue: [ '3.5.34' ],
1319 silly audit   vite: [ '6.4.2' ],
1319 silly audit   axios: [ '1.16.1' ],
1319 silly audit   'json-server': [ '0.17.4' ],
1319 silly audit   'json-server-auth': [ '2.1.0' ],
1319 silly audit   'vue-router': [ '4.6.4' ],
1319 silly audit   'follow-redirects': [ '1.16.0' ],
1319 silly audit   'form-data': [ '4.0.5' ],
1319 silly audit   'https-proxy-agent': [ '5.0.1' ],
1319 silly audit   'proxy-from-env': [ '2.1.0' ],
1319 silly audit   asynckit: [ '0.4.0' ],
1319 silly audit   'combined-stream': [ '1.0.8' ],
1319 silly audit   'es-set-tostringtag': [ '2.1.0' ],
1319 silly audit   hasown: [ '2.0.3' ],
1319 silly audit   'mime-types': [ '2.1.35' ],
1319 silly audit   'delayed-stream': [ '1.0.0' ],
1319 silly audit   'es-errors': [ '1.3.0' ],
1319 silly audit   'get-intrinsic': [ '1.3.0' ],
1319 silly audit   'has-tostringtag': [ '1.0.2' ],
1319 silly audit   'call-bind-apply-helpers': [ '1.0.2' ],
1319 silly audit   'es-define-property': [ '1.0.1' ],
1319 silly audit   'es-object-atoms': [ '1.1.2' ],
1319 silly audit   'function-bind': [ '1.1.2' ],
1319 silly audit   'get-proto': [ '1.0.1' ],
1319 silly audit   gopd: [ '1.2.0' ],
1319 silly audit   'has-symbols': [ '1.1.0' ],
1319 silly audit   'math-intrinsics': [ '1.1.0' ],
1319 silly audit   'dunder-proto': [ '1.0.1' ],
1319 silly audit   'agent-base': [ '6.0.2' ],
1319 silly audit   debug: [ '4.4.3', '2.6.9', '3.1.0' ],
1319 silly audit   ms: [ '2.1.3', '2.0.0' ],
1319 silly audit   'body-parser': [ '1.20.5' ],
1319 silly audit   chalk: [ '4.1.2' ],
1319 silly audit   compression: [ '1.8.1' ],
1319 silly audit   'connect-pause': [ '0.1.1' ],
1319 silly audit   cors: [ '2.8.6' ],
1319 silly audit   errorhandler: [ '1.5.2' ],
1319 silly audit   express: [ '4.22.2' ],
1319 silly audit   'express-urlrewrite': [ '1.4.0' ],
1319 silly audit   'json-parse-helpfulerror': [ '1.0.3' ],
1319 silly audit   lodash: [ '4.18.1' ],
1319 silly audit   'lodash-id': [ '0.14.1' ],
1319 silly audit   lowdb: [ '1.0.0' ],
1319 silly audit   'method-override': [ '3.0.0' ],
1319 silly audit   morgan: [ '1.10.1' ],
1319 silly audit   nanoid: [ '3.3.12' ],
1319 silly audit   'please-upgrade-node': [ '3.2.0' ],
1319 silly audit   pluralize: [ '8.0.0' ],
1319 silly audit   'server-destroy': [ '1.0.1' ],
1319 silly audit   yargs: [ '17.7.2', '16.2.0' ],
1319 silly audit   bytes: [ '3.1.2' ],
1319 silly audit   'content-type': [ '1.0.5' ],
1319 silly audit   depd: [ '2.0.0' ],
1319 silly audit   destroy: [ '1.2.0' ],
1319 silly audit   'http-errors': [ '2.0.1' ],
1319 silly audit   'iconv-lite': [ '0.4.24' ],
1319 silly audit   'on-finished': [ '2.4.1', '2.3.0' ],
1319 silly audit   qs: [ '6.15.2' ],
1319 silly audit   'raw-body': [ '2.5.3' ],
1319 silly audit   'type-is': [ '1.6.18' ],
1319 silly audit   unpipe: [ '1.0.0' ],
1319 silly audit   'ansi-styles': [ '4.3.0' ],
1319 silly audit   'supports-color': [ '7.2.0' ],
1319 silly audit   'color-convert': [ '2.0.1' ],
1319 silly audit   'color-name': [ '1.1.4' ],
1319 silly audit   compressible: [ '2.0.18' ],
1319 silly audit   negotiator: [ '0.6.4', '0.6.3' ],
1319 silly audit   'on-headers': [ '1.1.0' ],
1319 silly audit   'safe-buffer': [ '5.2.1', '5.1.2' ],
1319 silly audit   vary: [ '1.1.2' ],
1319 silly audit   'mime-db': [ '1.54.0', '1.52.0' ],
1319 silly audit   'object-assign': [ '4.1.1' ],
1319 silly audit   accepts: [ '1.3.8' ],
1319 silly audit   'escape-html': [ '1.0.3' ],
1319 silly audit   'array-flatten': [ '1.1.1' ],
1319 silly audit   'content-disposition': [ '0.5.4' ],
1319 silly audit   cookie: [ '0.7.2' ],
1319 silly audit   'cookie-signature': [ '1.0.7' ],
1319 silly audit   encodeurl: [ '2.0.0' ],
1319 silly audit   etag: [ '1.8.1' ],
1319 silly audit   finalhandler: [ '1.3.2' ],
1319 silly audit   fresh: [ '0.5.2' ],
1319 silly audit   'merge-descriptors': [ '1.0.3' ],
1319 silly audit   methods: [ '1.1.2' ],
1319 silly audit   parseurl: [ '1.3.3' ],
1319 silly audit   'path-to-regexp': [ '0.1.13', '1.9.0' ],
1319 silly audit   'proxy-addr': [ '2.0.7' ],
1319 silly audit   'range-parser': [ '1.2.1' ],
1319 silly audit   send: [ '0.19.2' ],
1319 silly audit   'serve-static': [ '1.16.3' ],
1319 silly audit   setprototypeof: [ '1.2.0' ],
1319 silly audit   statuses: [ '2.0.2' ],
1319 silly audit   'utils-merge': [ '1.0.1' ],
1319 silly audit   inherits: [ '2.0.4' ],
1319 silly audit   toidentifier: [ '1.0.1' ],
1319 silly audit   'safer-buffer': [ '2.1.2' ],
1319 silly audit   jju: [ '1.4.0' ],
1319 silly audit   bcryptjs: [ '2.4.3' ],
1319 silly audit   jsonwebtoken: [ '8.5.1' ],
1319 silly audit   jws: [ '3.2.3' ],
1319 silly audit   'lodash.includes': [ '4.3.0' ],
1319 silly audit   'lodash.isboolean': [ '3.0.3' ],
1319 silly audit   'lodash.isinteger': [ '4.0.4' ],
1319 silly audit   'lodash.isnumber': [ '3.0.3' ],
1319 silly audit   'lodash.isplainobject': [ '4.0.6' ],
1319 silly audit   'lodash.isstring': [ '4.0.1' ],
1319 silly audit   'lodash.once': [ '4.1.1' ],
1319 silly audit   semver: [ '5.7.2' ],
1319 silly audit   jwa: [ '1.4.2' ],
1319 silly audit   'buffer-equal-constant-time': [ '1.0.1' ],
1319 silly audit   'ecdsa-sig-formatter': [ '1.0.11' ],
1319 silly audit   'graceful-fs': [ '4.2.11' ],
1319 silly audit   'is-promise': [ '2.2.2' ],
1319 silly audit   pify: [ '3.0.0' ],
1319 silly audit   steno: [ '0.4.4' ],
1319 silly audit   'basic-auth': [ '2.0.1' ],
1319 silly audit   'ee-first': [ '1.1.1' ],
1319 silly audit   'semver-compare': [ '1.0.0' ],
1319 silly audit   forwarded: [ '0.2.0' ],
1319 silly audit   'ipaddr.js': [ '1.9.1' ],
1319 silly audit   'side-channel': [ '1.1.0' ],
1319 silly audit   mime: [ '1.6.0' ],
1319 silly audit   'object-inspect': [ '1.13.4' ],
1319 silly audit   'side-channel-list': [ '1.0.1' ],
1319 silly audit   'side-channel-map': [ '1.0.1' ],
1319 silly audit   'side-channel-weakmap': [ '1.0.2' ],
1319 silly audit   'call-bound': [ '1.0.4' ],
1319 silly audit   'has-flag': [ '4.0.0' ],
1319 silly audit   'media-typer': [ '0.3.0' ],
1319 silly audit   esbuild: [ '0.25.12' ],
1319 silly audit   fdir: [ '6.5.0' ],
1319 silly audit   fsevents: [ '2.3.3' ],
1319 silly audit   picomatch: [ '4.0.4' ],
1319 silly audit   postcss: [ '8.5.15' ],
1319 silly audit   rollup: [ '4.60.4' ],
1319 silly audit   tinyglobby: [ '0.2.16' ],
1319 silly audit   '@esbuild/aix-ppc64': [ '0.25.12' ],
1319 silly audit   '@esbuild/android-arm': [ '0.25.12' ],
1319 silly audit   '@esbuild/android-arm64': [ '0.25.12' ],
1319 silly audit   '@esbuild/android-x64': [ '0.25.12' ],
1319 silly audit   '@esbuild/darwin-arm64': [ '0.25.12' ],
1319 silly audit   '@esbuild/darwin-x64': [ '0.25.12' ],
1319 silly audit   '@esbuild/freebsd-arm64': [ '0.25.12' ],
1319 silly audit   '@esbuild/freebsd-x64': [ '0.25.12' ],
1319 silly audit   '@esbuild/linux-arm': [ '0.25.12' ],
1319 silly audit   '@esbuild/linux-arm64': [ '0.25.12' ],
1319 silly audit   '@esbuild/linux-ia32': [ '0.25.12' ],
1319 silly audit   '@esbuild/linux-loong64': [ '0.25.12' ],
1319 silly audit   '@esbuild/linux-mips64el': [ '0.25.12' ],
1319 silly audit   '@esbuild/linux-ppc64': [ '0.25.12' ],
1319 silly audit   '@esbuild/linux-riscv64': [ '0.25.12' ],
1319 silly audit   '@esbuild/linux-s390x': [ '0.25.12' ],
1319 silly audit   '@esbuild/linux-x64': [ '0.25.12' ],
1319 silly audit   '@esbuild/netbsd-arm64': [ '0.25.12' ],
1319 silly audit   '@esbuild/netbsd-x64': [ '0.25.12' ],
1319 silly audit   '@esbuild/openbsd-arm64': [ '0.25.12' ],
1319 silly audit   '@esbuild/openbsd-x64': [ '0.25.12' ],
1319 silly audit   '@esbuild/openharmony-arm64': [ '0.25.12' ],
1319 silly audit   '@esbuild/sunos-x64': [ '0.25.12' ],
1319 silly audit   '@esbuild/win32-arm64': [ '0.25.12' ],
1319 silly audit   '@esbuild/win32-ia32': [ '0.25.12' ],
1319 silly audit   '@esbuild/win32-x64': [ '0.25.12' ],
1319 silly audit   picocolors: [ '1.1.1' ],
1319 silly audit   'source-map-js': [ '1.2.1' ],
1319 silly audit   '@rollup/rollup-android-arm-eabi': [ '4.60.4' ],
1319 silly audit   '@rollup/rollup-android-arm64': [ '4.60.4' ],
1319 silly audit   '@rollup/rollup-darwin-arm64': [ '4.60.4' ],
1319 silly audit   '@rollup/rollup-darwin-x64': [ '4.60.4' ],
1319 silly audit   '@rollup/rollup-freebsd-arm64': [ '4.60.4' ],
1319 silly audit   '@rollup/rollup-freebsd-x64': [ '4.60.4' ],
1319 silly audit   '@rollup/rollup-linux-arm-gnueabihf': [ '4.60.4' ],
1319 silly audit   '@rollup/rollup-linux-arm-musleabihf': [ '4.60.4' ],
1319 silly audit   '@rollup/rollup-linux-arm64-gnu': [ '4.60.4' ],
1319 silly audit   '@rollup/rollup-linux-arm64-musl': [ '4.60.4' ],
1319 silly audit   '@rollup/rollup-linux-loong64-gnu': [ '4.60.4' ],
1319 silly audit   '@rollup/rollup-linux-loong64-musl': [ '4.60.4' ],
1319 silly audit   '@rollup/rollup-linux-ppc64-gnu': [ '4.60.4' ],
1319 silly audit   '@rollup/rollup-linux-ppc64-musl': [ '4.60.4' ],
1319 silly audit   '@rollup/rollup-linux-riscv64-gnu': [ '4.60.4' ],
1319 silly audit   '@rollup/rollup-linux-riscv64-musl': [ '4.60.4' ],
1319 silly audit   '@rollup/rollup-linux-s390x-gnu': [ '4.60.4' ],
1319 silly audit   '@rollup/rollup-linux-x64-gnu': [ '4.60.4' ],
1319 silly audit   '@rollup/rollup-linux-x64-musl': [ '4.60.4' ],
1319 silly audit   '@rollup/rollup-openbsd-x64': [ '4.60.4' ],
1319 silly audit   '@rollup/rollup-openharmony-arm64': [ '4.60.4' ],
1319 silly audit   '@rollup/rollup-win32-arm64-msvc': [ '4.60.4' ],
1319 silly audit   '@rollup/rollup-win32-ia32-msvc': [ '4.60.4' ],
1319 silly audit   '@rollup/rollup-win32-x64-gnu': [ '4.60.4' ],
1319 silly audit   '@rollup/rollup-win32-x64-msvc': [ '4.60.4' ],
1319 silly audit   '@types/estree': [ '1.0.8' ],
1319 silly audit   '@vue/compiler-dom': [ '3.5.34' ],
1319 silly audit   '@vue/compiler-sfc': [ '3.5.34' ],
1319 silly audit   '@vue/runtime-dom': [ '3.5.34' ],
1319 silly audit   '@vue/server-renderer': [ '3.5.34' ],
1319 silly audit   '@vue/shared': [ '3.5.34' ],
1319 silly audit   '@vue/compiler-core': [ '3.5.34' ],
1319 silly audit   '@babel/parser': [ '7.29.7' ],
1319 silly audit   entities: [ '7.0.1' ],
1319 silly audit   'estree-walker': [ '2.0.2' ],
1319 silly audit   '@babel/types': [ '7.29.7' ],
1319 silly audit   '@babel/helper-string-parser': [ '7.29.7' ],
1319 silly audit   '@babel/helper-validator-identifier': [ '7.29.7' ],
1319 silly audit   '@vue/compiler-ssr': [ '3.5.34' ],
1319 silly audit   'magic-string': [ '0.30.21' ],
1319 silly audit   '@vue/reactivity': [ '3.5.34' ],
1319 silly audit   '@vue/runtime-core': [ '3.5.34' ],
1319 silly audit   csstype: [ '3.2.3' ],
1319 silly audit   '@jridgewell/sourcemap-codec': [ '1.5.5' ],
1319 silly audit   '@vue/devtools-api': [ '6.6.4' ],
1319 silly audit   cliui: [ '8.0.1', '7.0.4' ],
1319 silly audit   escalade: [ '3.2.0' ],
1319 silly audit   'get-caller-file': [ '2.0.5' ],
1319 silly audit   'require-directory': [ '2.1.1' ],
1319 silly audit   'string-width': [ '4.2.3' ],
1319 silly audit   y18n: [ '5.0.8' ],
1319 silly audit   'yargs-parser': [ '21.1.1', '20.2.9' ],
1319 silly audit   'strip-ansi': [ '6.0.1' ],
1319 silly audit   'wrap-ansi': [ '7.0.0' ],
1319 silly audit   'emoji-regex': [ '8.0.0' ],
1319 silly audit   'is-fullwidth-code-point': [ '3.0.0' ],
1319 silly audit   'ansi-regex': [ '5.0.1' ],
1319 silly audit   isarray: [ '0.0.1' ]
1319 silly audit }
1320 http cache emoji-regex@https://registry.npmjs.org/emoji-regex/-/emoji-regex-8.0.0.tgz 0ms (cache hit)
1321 http cache isarray@https://registry.npmjs.org/isarray/-/isarray-0.0.1.tgz 0ms (cache hit)
1322 http cache is-fullwidth-code-point@https://registry.npmjs.org/is-fullwidth-code-point/-/is-fullwidth-code-point-3.0.0.tgz 0ms (cache hit)
1323 http cache ansi-regex@https://registry.npmjs.org/ansi-regex/-/ansi-regex-5.0.1.tgz 0ms (cache hit)
1324 http cache wrap-ansi@https://registry.npmjs.org/wrap-ansi/-/wrap-ansi-7.0.0.tgz 0ms (cache hit)
1325 http cache strip-ansi@https://registry.npmjs.org/strip-ansi/-/strip-ansi-6.0.1.tgz 0ms (cache hit)
1326 http cache y18n@https://registry.npmjs.org/y18n/-/y18n-5.0.8.tgz 0ms (cache hit)
1327 http cache yargs-parser@https://registry.npmjs.org/yargs-parser/-/yargs-parser-21.1.1.tgz 0ms (cache hit)
1328 http cache string-width@https://registry.npmjs.org/string-width/-/string-width-4.2.3.tgz 0ms (cache hit)
1329 http cache get-caller-file@https://registry.npmjs.org/get-caller-file/-/get-caller-file-2.0.5.tgz 0ms (cache hit)
1330 http cache require-directory@https://registry.npmjs.org/require-directory/-/require-directory-2.1.1.tgz 0ms (cache hit)
1331 http cache escalade@https://registry.npmjs.org/escalade/-/escalade-3.2.0.tgz 0ms (cache hit)
1332 http cache @vue/devtools-api@https://registry.npmjs.org/@vue/devtools-api/-/devtools-api-6.6.4.tgz 0ms (cache hit)
1333 http cache @jridgewell/sourcemap-codec@https://registry.npmjs.org/@jridgewell/sourcemap-codec/-/sourcemap-codec-1.5.5.tgz 0ms (cache hit)
1334 http cache cliui@https://registry.npmjs.org/cliui/-/cliui-8.0.1.tgz 0ms (cache hit)
1335 http cache csstype@https://registry.npmjs.org/csstype/-/csstype-3.2.3.tgz 0ms (cache hit)
1336 http cache @babel/types@https://registry.npmjs.org/@babel/types/-/types-7.29.7.tgz 0ms (cache hit)
1337 http cache magic-string@https://registry.npmjs.org/magic-string/-/magic-string-0.30.21.tgz 0ms (cache hit)
1338 http cache @vue/runtime-core@https://registry.npmjs.org/@vue/runtime-core/-/runtime-core-3.5.34.tgz 0ms (cache hit)
1339 http cache @vue/reactivity@https://registry.npmjs.org/@vue/reactivity/-/reactivity-3.5.34.tgz 0ms (cache hit)
1340 http cache @babel/helper-string-parser@https://registry.npmjs.org/@babel/helper-string-parser/-/helper-string-parser-7.29.7.tgz 0ms (cache hit)
1341 http cache entities@https://registry.npmjs.org/entities/-/entities-7.0.1.tgz 0ms (cache hit)
1342 http cache @vue/compiler-ssr@https://registry.npmjs.org/@vue/compiler-ssr/-/compiler-ssr-3.5.34.tgz 0ms (cache hit)
1343 http cache estree-walker@https://registry.npmjs.org/estree-walker/-/estree-walker-2.0.2.tgz 0ms (cache hit)
1344 http cache @babel/parser@https://registry.npmjs.org/@babel/parser/-/parser-7.29.7.tgz 0ms (cache hit)
1345 http cache @babel/helper-validator-identifier@https://registry.npmjs.org/@babel/helper-validator-identifier/-/helper-validator-identifier-7.29.7.tgz 0ms (cache hit)
1346 http cache @vue/compiler-core@https://registry.npmjs.org/@vue/compiler-core/-/compiler-core-3.5.34.tgz 0ms (cache hit)
1347 http cache @vue/shared@https://registry.npmjs.org/@vue/shared/-/shared-3.5.34.tgz 0ms (cache hit)
1348 http cache @vue/server-renderer@https://registry.npmjs.org/@vue/server-renderer/-/server-renderer-3.5.34.tgz 0ms (cache hit)
1349 http cache @types/estree@https://registry.npmjs.org/@types/estree/-/estree-1.0.8.tgz 0ms (cache hit)
1350 http cache @vue/compiler-sfc@https://registry.npmjs.org/@vue/compiler-sfc/-/compiler-sfc-3.5.34.tgz 0ms (cache hit)
1351 http cache @vue/compiler-dom@https://registry.npmjs.org/@vue/compiler-dom/-/compiler-dom-3.5.34.tgz 0ms (cache hit)
1352 http cache @vue/runtime-dom@https://registry.npmjs.org/@vue/runtime-dom/-/runtime-dom-3.5.34.tgz 0ms (cache hit)
1353 http cache @rollup/rollup-win32-x64-msvc@https://registry.npmjs.org/@rollup/rollup-win32-x64-msvc/-/rollup-win32-x64-msvc-4.60.4.tgz 0ms (cache hit)
1354 http cache source-map-js@https://registry.npmjs.org/source-map-js/-/source-map-js-1.2.1.tgz 0ms (cache hit)
1355 http cache @rollup/rollup-win32-x64-gnu@https://registry.npmjs.org/@rollup/rollup-win32-x64-gnu/-/rollup-win32-x64-gnu-4.60.4.tgz 0ms (cache hit)
1356 http cache picocolors@https://registry.npmjs.org/picocolors/-/picocolors-1.1.1.tgz 0ms (cache hit)
1357 http cache @esbuild/win32-x64@https://registry.npmjs.org/@esbuild/win32-x64/-/win32-x64-0.25.12.tgz 0ms (cache hit)
1358 http cache rollup@https://registry.npmjs.org/rollup/-/rollup-4.60.4.tgz 0ms (cache hit)
1359 http cache postcss@https://registry.npmjs.org/postcss/-/postcss-8.5.15.tgz 0ms (cache hit)
1360 http cache tinyglobby@https://registry.npmjs.org/tinyglobby/-/tinyglobby-0.2.16.tgz 0ms (cache hit)
1361 http cache picomatch@https://registry.npmjs.org/picomatch/-/picomatch-4.0.4.tgz 0ms (cache hit)
1362 http cache fdir@https://registry.npmjs.org/fdir/-/fdir-6.5.0.tgz 0ms (cache hit)
1363 http cache media-typer@https://registry.npmjs.org/media-typer/-/media-typer-0.3.0.tgz 0ms (cache hit)
1364 http cache esbuild@https://registry.npmjs.org/esbuild/-/esbuild-0.25.12.tgz 0ms (cache hit)
1365 http cache call-bound@https://registry.npmjs.org/call-bound/-/call-bound-1.0.4.tgz 0ms (cache hit)
1366 http cache has-flag@https://registry.npmjs.org/has-flag/-/has-flag-4.0.0.tgz 0ms (cache hit)
1367 http cache side-channel-map@https://registry.npmjs.org/side-channel-map/-/side-channel-map-1.0.1.tgz 0ms (cache hit)
1368 http cache side-channel-list@https://registry.npmjs.org/side-channel-list/-/side-channel-list-1.0.1.tgz 0ms (cache hit)
1369 http cache side-channel-weakmap@https://registry.npmjs.org/side-channel-weakmap/-/side-channel-weakmap-1.0.2.tgz 0ms (cache hit)
1370 http cache side-channel@https://registry.npmjs.org/side-channel/-/side-channel-1.1.0.tgz 0ms (cache hit)
1371 http cache mime@https://registry.npmjs.org/mime/-/mime-1.6.0.tgz 0ms (cache hit)
1372 http cache object-inspect@https://registry.npmjs.org/object-inspect/-/object-inspect-1.13.4.tgz 0ms (cache hit)
1373 http cache ipaddr.js@https://registry.npmjs.org/ipaddr.js/-/ipaddr.js-1.9.1.tgz 0ms (cache hit)
1374 http cache forwarded@https://registry.npmjs.org/forwarded/-/forwarded-0.2.0.tgz 0ms (cache hit)
1375 http cache steno@https://registry.npmjs.org/steno/-/steno-0.4.4.tgz 0ms (cache hit)
1376 http cache semver-compare@https://registry.npmjs.org/semver-compare/-/semver-compare-1.0.0.tgz 0ms (cache hit)
1377 http cache basic-auth@https://registry.npmjs.org/basic-auth/-/basic-auth-2.0.1.tgz 0ms (cache hit)
1378 http cache ee-first@https://registry.npmjs.org/ee-first/-/ee-first-1.1.1.tgz 0ms (cache hit)
1379 http cache pify@https://registry.npmjs.org/pify/-/pify-3.0.0.tgz 0ms (cache hit)
1380 http cache graceful-fs@https://registry.npmjs.org/graceful-fs/-/graceful-fs-4.2.11.tgz 0ms (cache hit)
1381 http cache is-promise@https://registry.npmjs.org/is-promise/-/is-promise-2.2.2.tgz 0ms (cache hit)
1382 http cache buffer-equal-constant-time@https://registry.npmjs.org/buffer-equal-constant-time/-/buffer-equal-constant-time-1.0.1.tgz 0ms (cache hit)
1383 http cache ecdsa-sig-formatter@https://registry.npmjs.org/ecdsa-sig-formatter/-/ecdsa-sig-formatter-1.0.11.tgz 0ms (cache hit)
1384 http cache semver@https://registry.npmjs.org/semver/-/semver-5.7.2.tgz 0ms (cache hit)
1385 http cache lodash.isstring@https://registry.npmjs.org/lodash.isstring/-/lodash.isstring-4.0.1.tgz 0ms (cache hit)
1386 http cache jwa@https://registry.npmjs.org/jwa/-/jwa-1.4.2.tgz 0ms (cache hit)
1387 http cache lodash.isnumber@https://registry.npmjs.org/lodash.isnumber/-/lodash.isnumber-3.0.3.tgz 0ms (cache hit)
1388 http cache lodash.isplainobject@https://registry.npmjs.org/lodash.isplainobject/-/lodash.isplainobject-4.0.6.tgz 0ms (cache hit)
1389 http cache lodash.once@https://registry.npmjs.org/lodash.once/-/lodash.once-4.1.1.tgz 0ms (cache hit)
1390 http cache lodash.isinteger@https://registry.npmjs.org/lodash.isinteger/-/lodash.isinteger-4.0.4.tgz 0ms (cache hit)
1391 http cache lodash.includes@https://registry.npmjs.org/lodash.includes/-/lodash.includes-4.3.0.tgz 0ms (cache hit)
1392 http cache lodash.isboolean@https://registry.npmjs.org/lodash.isboolean/-/lodash.isboolean-3.0.3.tgz 0ms (cache hit)
1393 http cache jws@https://registry.npmjs.org/jws/-/jws-3.2.3.tgz 0ms (cache hit)
1394 http cache jsonwebtoken@https://registry.npmjs.org/jsonwebtoken/-/jsonwebtoken-8.5.1.tgz 0ms (cache hit)
1395 http cache jju@https://registry.npmjs.org/jju/-/jju-1.4.0.tgz 0ms (cache hit)
1396 http cache safer-buffer@https://registry.npmjs.org/safer-buffer/-/safer-buffer-2.1.2.tgz 0ms (cache hit)
1397 http cache bcryptjs@https://registry.npmjs.org/bcryptjs/-/bcryptjs-2.4.3.tgz 0ms (cache hit)
1398 http cache inherits@https://registry.npmjs.org/inherits/-/inherits-2.0.4.tgz 0ms (cache hit)
1399 http cache utils-merge@https://registry.npmjs.org/utils-merge/-/utils-merge-1.0.1.tgz 0ms (cache hit)
1400 http cache toidentifier@https://registry.npmjs.org/toidentifier/-/toidentifier-1.0.1.tgz 0ms (cache hit)
1401 http cache statuses@https://registry.npmjs.org/statuses/-/statuses-2.0.2.tgz 0ms (cache hit)
1402 http cache setprototypeof@https://registry.npmjs.org/setprototypeof/-/setprototypeof-1.2.0.tgz 0ms (cache hit)
1403 http cache serve-static@https://registry.npmjs.org/serve-static/-/serve-static-1.16.3.tgz 0ms (cache hit)
1404 http cache send@https://registry.npmjs.org/send/-/send-0.19.2.tgz 0ms (cache hit)
1405 http cache range-parser@https://registry.npmjs.org/range-parser/-/range-parser-1.2.1.tgz 0ms (cache hit)
1406 http cache proxy-addr@https://registry.npmjs.org/proxy-addr/-/proxy-addr-2.0.7.tgz 0ms (cache hit)
1407 http cache path-to-regexp@https://registry.npmjs.org/path-to-regexp/-/path-to-regexp-0.1.13.tgz 0ms (cache hit)
1408 http cache parseurl@https://registry.npmjs.org/parseurl/-/parseurl-1.3.3.tgz 0ms (cache hit)
1409 http cache fresh@https://registry.npmjs.org/fresh/-/fresh-0.5.2.tgz 0ms (cache hit)
1410 http cache merge-descriptors@https://registry.npmjs.org/merge-descriptors/-/merge-descriptors-1.0.3.tgz 0ms (cache hit)
1411 http cache methods@https://registry.npmjs.org/methods/-/methods-1.1.2.tgz 0ms (cache hit)
1412 http cache encodeurl@https://registry.npmjs.org/encodeurl/-/encodeurl-2.0.0.tgz 0ms (cache hit)
1413 http cache etag@https://registry.npmjs.org/etag/-/etag-1.8.1.tgz 0ms (cache hit)
1414 http cache finalhandler@https://registry.npmjs.org/finalhandler/-/finalhandler-1.3.2.tgz 0ms (cache hit)
1415 http cache cookie-signature@https://registry.npmjs.org/cookie-signature/-/cookie-signature-1.0.7.tgz 0ms (cache hit)
1416 http cache cookie@https://registry.npmjs.org/cookie/-/cookie-0.7.2.tgz 0ms (cache hit)
1417 http cache content-disposition@https://registry.npmjs.org/content-disposition/-/content-disposition-0.5.4.tgz 0ms (cache hit)
1418 http cache accepts@https://registry.npmjs.org/accepts/-/accepts-1.3.8.tgz 0ms (cache hit)
1419 http cache escape-html@https://registry.npmjs.org/escape-html/-/escape-html-1.0.3.tgz 0ms (cache hit)
1420 http cache array-flatten@https://registry.npmjs.org/array-flatten/-/array-flatten-1.1.1.tgz 0ms (cache hit)
1421 http cache vary@https://registry.npmjs.org/vary/-/vary-1.1.2.tgz 0ms (cache hit)
1422 http cache object-assign@https://registry.npmjs.org/object-assign/-/object-assign-4.1.1.tgz 0ms (cache hit)
1423 http cache on-headers@https://registry.npmjs.org/on-headers/-/on-headers-1.1.0.tgz 0ms (cache hit)
1424 http cache safe-buffer@https://registry.npmjs.org/safe-buffer/-/safe-buffer-5.2.1.tgz 0ms (cache hit)
1425 http cache mime-db@https://registry.npmjs.org/mime-db/-/mime-db-1.54.0.tgz 0ms (cache hit)
1426 http cache compressible@https://registry.npmjs.org/compressible/-/compressible-2.0.18.tgz 0ms (cache hit)
1427 http cache negotiator@https://registry.npmjs.org/negotiator/-/negotiator-0.6.4.tgz 0ms (cache hit)
1428 http cache color-convert@https://registry.npmjs.org/color-convert/-/color-convert-2.0.1.tgz 0ms (cache hit)
1429 http cache color-name@https://registry.npmjs.org/color-name/-/color-name-1.1.4.tgz 0ms (cache hit)
1430 http cache ansi-styles@https://registry.npmjs.org/ansi-styles/-/ansi-styles-4.3.0.tgz 0ms (cache hit)
1431 http cache supports-color@https://registry.npmjs.org/supports-color/-/supports-color-7.2.0.tgz 0ms (cache hit)
1432 http cache raw-body@https://registry.npmjs.org/raw-body/-/raw-body-2.5.3.tgz 0ms (cache hit)
1433 http cache qs@https://registry.npmjs.org/qs/-/qs-6.15.2.tgz 0ms (cache hit)
1434 http cache unpipe@https://registry.npmjs.org/unpipe/-/unpipe-1.0.0.tgz 0ms (cache hit)
1435 http cache type-is@https://registry.npmjs.org/type-is/-/type-is-1.6.18.tgz 0ms (cache hit)
1436 http cache on-finished@https://registry.npmjs.org/on-finished/-/on-finished-2.4.1.tgz 0ms (cache hit)
1437 http cache iconv-lite@https://registry.npmjs.org/iconv-lite/-/iconv-lite-0.4.24.tgz 0ms (cache hit)
1438 http cache destroy@https://registry.npmjs.org/destroy/-/destroy-1.2.0.tgz 0ms (cache hit)
1439 http cache http-errors@https://registry.npmjs.org/http-errors/-/http-errors-2.0.1.tgz 0ms (cache hit)
1440 http cache depd@https://registry.npmjs.org/depd/-/depd-2.0.0.tgz 0ms (cache hit)
1441 http cache server-destroy@https://registry.npmjs.org/server-destroy/-/server-destroy-1.0.1.tgz 0ms (cache hit)
1442 http cache yargs@https://registry.npmjs.org/yargs/-/yargs-17.7.2.tgz 0ms (cache hit)
1443 http cache bytes@https://registry.npmjs.org/bytes/-/bytes-3.1.2.tgz 0ms (cache hit)
1444 http cache pluralize@https://registry.npmjs.org/pluralize/-/pluralize-8.0.0.tgz 0ms (cache hit)
1445 http cache content-type@https://registry.npmjs.org/content-type/-/content-type-1.0.5.tgz 0ms (cache hit)
1446 http cache nanoid@https://registry.npmjs.org/nanoid/-/nanoid-3.3.12.tgz 0ms (cache hit)
1447 http cache please-upgrade-node@https://registry.npmjs.org/please-upgrade-node/-/please-upgrade-node-3.2.0.tgz 0ms (cache hit)
1448 http cache morgan@https://registry.npmjs.org/morgan/-/morgan-1.10.1.tgz 0ms (cache hit)
1449 http cache method-override@https://registry.npmjs.org/method-override/-/method-override-3.0.0.tgz 0ms (cache hit)
1450 http cache lodash@https://registry.npmjs.org/lodash/-/lodash-4.18.1.tgz 0ms (cache hit)
1451 http cache json-parse-helpfulerror@https://registry.npmjs.org/json-parse-helpfulerror/-/json-parse-helpfulerror-1.0.3.tgz 0ms (cache hit)
1452 http cache lodash-id@https://registry.npmjs.org/lodash-id/-/lodash-id-0.14.1.tgz 0ms (cache hit)
1453 http cache lowdb@https://registry.npmjs.org/lowdb/-/lowdb-1.0.0.tgz 0ms (cache hit)
1454 http cache express@https://registry.npmjs.org/express/-/express-4.22.2.tgz 0ms (cache hit)
1455 http cache cors@https://registry.npmjs.org/cors/-/cors-2.8.6.tgz 0ms (cache hit)
1456 http cache errorhandler@https://registry.npmjs.org/errorhandler/-/errorhandler-1.5.2.tgz 0ms (cache hit)
1457 http cache express-urlrewrite@https://registry.npmjs.org/express-urlrewrite/-/express-urlrewrite-1.4.0.tgz 0ms (cache hit)
1458 http cache connect-pause@https://registry.npmjs.org/connect-pause/-/connect-pause-0.1.1.tgz 0ms (cache hit)
1459 http cache compression@https://registry.npmjs.org/compression/-/compression-1.8.1.tgz 0ms (cache hit)
1460 http cache chalk@https://registry.npmjs.org/chalk/-/chalk-4.1.2.tgz 0ms (cache hit)
1461 http cache body-parser@https://registry.npmjs.org/body-parser/-/body-parser-1.20.5.tgz 0ms (cache hit)
1462 http cache debug@https://registry.npmjs.org/debug/-/debug-4.4.3.tgz 0ms (cache hit)
1463 http cache dunder-proto@https://registry.npmjs.org/dunder-proto/-/dunder-proto-1.0.1.tgz 0ms (cache hit)
1464 http cache math-intrinsics@https://registry.npmjs.org/math-intrinsics/-/math-intrinsics-1.1.0.tgz 0ms (cache hit)
1465 http cache ms@https://registry.npmjs.org/ms/-/ms-2.1.3.tgz 0ms (cache hit)
1466 http cache agent-base@https://registry.npmjs.org/agent-base/-/agent-base-6.0.2.tgz 0ms (cache hit)
1467 http cache has-symbols@https://registry.npmjs.org/has-symbols/-/has-symbols-1.1.0.tgz 0ms (cache hit)
1468 http cache gopd@https://registry.npmjs.org/gopd/-/gopd-1.2.0.tgz 0ms (cache hit)
1469 http cache get-proto@https://registry.npmjs.org/get-proto/-/get-proto-1.0.1.tgz 0ms (cache hit)
1470 http cache function-bind@https://registry.npmjs.org/function-bind/-/function-bind-1.1.2.tgz 0ms (cache hit)
1471 http cache es-object-atoms@https://registry.npmjs.org/es-object-atoms/-/es-object-atoms-1.1.2.tgz 0ms (cache hit)
1472 http cache es-define-property@https://registry.npmjs.org/es-define-property/-/es-define-property-1.0.1.tgz 0ms (cache hit)
1473 http cache call-bind-apply-helpers@https://registry.npmjs.org/call-bind-apply-helpers/-/call-bind-apply-helpers-1.0.2.tgz 0ms (cache hit)
1474 http cache has-tostringtag@https://registry.npmjs.org/has-tostringtag/-/has-tostringtag-1.0.2.tgz 0ms (cache hit)
1475 http cache es-errors@https://registry.npmjs.org/es-errors/-/es-errors-1.3.0.tgz 0ms (cache hit)
1476 http cache delayed-stream@https://registry.npmjs.org/delayed-stream/-/delayed-stream-1.0.0.tgz 0ms (cache hit)
1477 http cache hasown@https://registry.npmjs.org/hasown/-/hasown-2.0.3.tgz 0ms (cache hit)
1478 http cache get-intrinsic@https://registry.npmjs.org/get-intrinsic/-/get-intrinsic-1.3.0.tgz 0ms (cache hit)
1479 http cache mime-types@https://registry.npmjs.org/mime-types/-/mime-types-2.1.35.tgz 0ms (cache hit)
1480 http cache es-set-tostringtag@https://registry.npmjs.org/es-set-tostringtag/-/es-set-tostringtag-2.1.0.tgz 0ms (cache hit)
1481 http cache combined-stream@https://registry.npmjs.org/combined-stream/-/combined-stream-1.0.8.tgz 0ms (cache hit)
1482 http cache proxy-from-env@https://registry.npmjs.org/proxy-from-env/-/proxy-from-env-2.1.0.tgz 0ms (cache hit)
1483 http cache asynckit@https://registry.npmjs.org/asynckit/-/asynckit-0.4.0.tgz 0ms (cache hit)
1484 http cache vue-router@https://registry.npmjs.org/vue-router/-/vue-router-4.6.4.tgz 0ms (cache hit)
1485 http cache form-data@https://registry.npmjs.org/form-data/-/form-data-4.0.5.tgz 0ms (cache hit)
1486 http cache json-server-auth@https://registry.npmjs.org/json-server-auth/-/json-server-auth-2.1.0.tgz 0ms (cache hit)
1487 http cache axios@https://registry.npmjs.org/axios/-/axios-1.16.1.tgz 0ms (cache hit)
1488 http cache follow-redirects@https://registry.npmjs.org/follow-redirects/-/follow-redirects-1.16.0.tgz 0ms (cache hit)
1489 http cache @vitejs/plugin-vue@https://registry.npmjs.org/@vitejs/plugin-vue/-/plugin-vue-5.2.4.tgz 0ms (cache hit)
1490 http cache https-proxy-agent@https://registry.npmjs.org/https-proxy-agent/-/https-proxy-agent-5.0.1.tgz 0ms (cache hit)
1491 http cache safe-buffer@https://registry.npmjs.org/safe-buffer/-/safe-buffer-5.1.2.tgz 0ms (cache hit)
1492 http cache vite@https://registry.npmjs.org/vite/-/vite-6.4.2.tgz 0ms (cache hit)
1493 http cache json-server@https://registry.npmjs.org/json-server/-/json-server-0.17.4.tgz 0ms (cache hit)
1494 http cache vue@https://registry.npmjs.org/vue/-/vue-3.5.34.tgz 0ms (cache hit)
1495 http cache debug@https://registry.npmjs.org/debug/-/debug-2.6.9.tgz 0ms (cache hit)
1496 http cache ms@https://registry.npmjs.org/ms/-/ms-2.0.0.tgz 0ms (cache hit)
1497 http cache ms@https://registry.npmjs.org/ms/-/ms-2.0.0.tgz 0ms (cache hit)
1498 http cache debug@https://registry.npmjs.org/debug/-/debug-2.6.9.tgz 0ms (cache hit)
1499 http cache negotiator@https://registry.npmjs.org/negotiator/-/negotiator-0.6.3.tgz 0ms (cache hit)
1500 http cache debug@https://registry.npmjs.org/debug/-/debug-2.6.9.tgz 0ms (cache hit)
1501 http cache ms@https://registry.npmjs.org/ms/-/ms-2.0.0.tgz 0ms (cache hit)
1502 http cache debug@https://registry.npmjs.org/debug/-/debug-3.1.0.tgz 0ms (cache hit)
1503 http cache ms@https://registry.npmjs.org/ms/-/ms-2.0.0.tgz 0ms (cache hit)
1504 http cache path-to-regexp@https://registry.npmjs.org/path-to-regexp/-/path-to-regexp-1.9.0.tgz 0ms (cache hit)
1505 http cache ms@https://registry.npmjs.org/ms/-/ms-2.0.0.tgz 0ms (cache hit)
1506 http cache debug@https://registry.npmjs.org/debug/-/debug-2.6.9.tgz 0ms (cache hit)
1507 http cache ms@https://registry.npmjs.org/ms/-/ms-2.0.0.tgz 0ms (cache hit)
1508 http cache on-finished@https://registry.npmjs.org/on-finished/-/on-finished-2.3.0.tgz 0ms (cache hit)
1509 http cache debug@https://registry.npmjs.org/debug/-/debug-2.6.9.tgz 0ms (cache hit)
1510 http cache debug@https://registry.npmjs.org/debug/-/debug-2.6.9.tgz 0ms (cache hit)
1511 http cache ms@https://registry.npmjs.org/ms/-/ms-2.0.0.tgz 0ms (cache hit)
1512 http cache mime-db@https://registry.npmjs.org/mime-db/-/mime-db-1.52.0.tgz 0ms (cache hit)
1513 silly tarball no local data for emoji-regex@https://registry.npmjs.org/emoji-regex/-/emoji-regex-8.0.0.tgz. Extracting by manifest.
1514 silly tarball no local data for isarray@https://registry.npmjs.org/isarray/-/isarray-0.0.1.tgz. Extracting by manifest.
1515 silly tarball no local data for is-fullwidth-code-point@https://registry.npmjs.org/is-fullwidth-code-point/-/is-fullwidth-code-point-3.0.0.tgz. Extracting by manifest.
1516 silly tarball no local data for ansi-regex@https://registry.npmjs.org/ansi-regex/-/ansi-regex-5.0.1.tgz. Extracting by manifest.
1517 silly tarball no local data for wrap-ansi@https://registry.npmjs.org/wrap-ansi/-/wrap-ansi-7.0.0.tgz. Extracting by manifest.
1518 silly tarball no local data for strip-ansi@https://registry.npmjs.org/strip-ansi/-/strip-ansi-6.0.1.tgz. Extracting by manifest.
1519 silly tarball no local data for y18n@https://registry.npmjs.org/y18n/-/y18n-5.0.8.tgz. Extracting by manifest.
1520 silly tarball no local data for yargs-parser@https://registry.npmjs.org/yargs-parser/-/yargs-parser-21.1.1.tgz. Extracting by manifest.
1521 silly tarball no local data for string-width@https://registry.npmjs.org/string-width/-/string-width-4.2.3.tgz. Extracting by manifest.
1522 silly tarball no local data for get-caller-file@https://registry.npmjs.org/get-caller-file/-/get-caller-file-2.0.5.tgz. Extracting by manifest.
1523 silly tarball no local data for require-directory@https://registry.npmjs.org/require-directory/-/require-directory-2.1.1.tgz. Extracting by manifest.
1524 silly tarball no local data for escalade@https://registry.npmjs.org/escalade/-/escalade-3.2.0.tgz. Extracting by manifest.
1525 silly tarball no local data for @vue/devtools-api@https://registry.npmjs.org/@vue/devtools-api/-/devtools-api-6.6.4.tgz. Extracting by manifest.
1526 silly tarball no local data for @jridgewell/sourcemap-codec@https://registry.npmjs.org/@jridgewell/sourcemap-codec/-/sourcemap-codec-1.5.5.tgz. Extracting by manifest.
1527 silly tarball no local data for cliui@https://registry.npmjs.org/cliui/-/cliui-8.0.1.tgz. Extracting by manifest.
1528 http cache cliui@https://registry.npmjs.org/cliui/-/cliui-7.0.4.tgz 0ms (cache hit)
1529 silly tarball no local data for csstype@https://registry.npmjs.org/csstype/-/csstype-3.2.3.tgz. Extracting by manifest.
1530 silly tarball no local data for @babel/types@https://registry.npmjs.org/@babel/types/-/types-7.29.7.tgz. Extracting by manifest.
1531 http cache yargs-parser@https://registry.npmjs.org/yargs-parser/-/yargs-parser-20.2.9.tgz 0ms (cache hit)
1532 silly tarball no local data for magic-string@https://registry.npmjs.org/magic-string/-/magic-string-0.30.21.tgz. Extracting by manifest.
1533 http cache yargs@https://registry.npmjs.org/yargs/-/yargs-16.2.0.tgz 0ms (cache hit)
1534 silly tarball no local data for @vue/runtime-core@https://registry.npmjs.org/@vue/runtime-core/-/runtime-core-3.5.34.tgz. Extracting by manifest.
1535 silly tarball no local data for @vue/reactivity@https://registry.npmjs.org/@vue/reactivity/-/reactivity-3.5.34.tgz. Extracting by manifest.
1536 silly tarball no local data for @babel/helper-string-parser@https://registry.npmjs.org/@babel/helper-string-parser/-/helper-string-parser-7.29.7.tgz. Extracting by manifest.
1537 silly tarball no local data for entities@https://registry.npmjs.org/entities/-/entities-7.0.1.tgz. Extracting by manifest.
1538 silly tarball no local data for @vue/compiler-ssr@https://registry.npmjs.org/@vue/compiler-ssr/-/compiler-ssr-3.5.34.tgz. Extracting by manifest.
1539 silly tarball no local data for estree-walker@https://registry.npmjs.org/estree-walker/-/estree-walker-2.0.2.tgz. Extracting by manifest.
1540 silly tarball no local data for @babel/parser@https://registry.npmjs.org/@babel/parser/-/parser-7.29.7.tgz. Extracting by manifest.
1541 silly tarball no local data for @babel/helper-validator-identifier@https://registry.npmjs.org/@babel/helper-validator-identifier/-/helper-validator-identifier-7.29.7.tgz. Extracting by manifest.
1542 silly tarball no local data for @vue/compiler-core@https://registry.npmjs.org/@vue/compiler-core/-/compiler-core-3.5.34.tgz. Extracting by manifest.
1543 silly tarball no local data for @vue/shared@https://registry.npmjs.org/@vue/shared/-/shared-3.5.34.tgz. Extracting by manifest.
1544 silly tarball no local data for @vue/server-renderer@https://registry.npmjs.org/@vue/server-renderer/-/server-renderer-3.5.34.tgz. Extracting by manifest.
1545 silly tarball no local data for @types/estree@https://registry.npmjs.org/@types/estree/-/estree-1.0.8.tgz. Extracting by manifest.
1546 silly tarball no local data for @vue/compiler-sfc@https://registry.npmjs.org/@vue/compiler-sfc/-/compiler-sfc-3.5.34.tgz. Extracting by manifest.
1547 silly tarball no local data for @vue/compiler-dom@https://registry.npmjs.org/@vue/compiler-dom/-/compiler-dom-3.5.34.tgz. Extracting by manifest.
1548 silly tarball no local data for @vue/runtime-dom@https://registry.npmjs.org/@vue/runtime-dom/-/runtime-dom-3.5.34.tgz. Extracting by manifest.
1549 silly tarball no local data for @rollup/rollup-win32-x64-msvc@https://registry.npmjs.org/@rollup/rollup-win32-x64-msvc/-/rollup-win32-x64-msvc-4.60.4.tgz. Extracting by manifest.
1550 silly tarball no local data for source-map-js@https://registry.npmjs.org/source-map-js/-/source-map-js-1.2.1.tgz. Extracting by manifest.
1551 silly tarball no local data for @rollup/rollup-win32-x64-gnu@https://registry.npmjs.org/@rollup/rollup-win32-x64-gnu/-/rollup-win32-x64-gnu-4.60.4.tgz. Extracting by manifest.
1552 silly tarball no local data for picocolors@https://registry.npmjs.org/picocolors/-/picocolors-1.1.1.tgz. Extracting by manifest.
1553 silly tarball no local data for @esbuild/win32-x64@https://registry.npmjs.org/@esbuild/win32-x64/-/win32-x64-0.25.12.tgz. Extracting by manifest.
1554 silly tarball no local data for rollup@https://registry.npmjs.org/rollup/-/rollup-4.60.4.tgz. Extracting by manifest.
1555 silly tarball no local data for postcss@https://registry.npmjs.org/postcss/-/postcss-8.5.15.tgz. Extracting by manifest.
1556 silly tarball no local data for tinyglobby@https://registry.npmjs.org/tinyglobby/-/tinyglobby-0.2.16.tgz. Extracting by manifest.
1557 silly tarball no local data for picomatch@https://registry.npmjs.org/picomatch/-/picomatch-4.0.4.tgz. Extracting by manifest.
1558 silly tarball no local data for fdir@https://registry.npmjs.org/fdir/-/fdir-6.5.0.tgz. Extracting by manifest.
1559 silly tarball no local data for media-typer@https://registry.npmjs.org/media-typer/-/media-typer-0.3.0.tgz. Extracting by manifest.
1560 silly tarball no local data for esbuild@https://registry.npmjs.org/esbuild/-/esbuild-0.25.12.tgz. Extracting by manifest.
1561 silly tarball no local data for call-bound@https://registry.npmjs.org/call-bound/-/call-bound-1.0.4.tgz. Extracting by manifest.
1562 silly tarball no local data for has-flag@https://registry.npmjs.org/has-flag/-/has-flag-4.0.0.tgz. Extracting by manifest.
1563 silly tarball no local data for side-channel-map@https://registry.npmjs.org/side-channel-map/-/side-channel-map-1.0.1.tgz. Extracting by manifest.
1564 silly tarball no local data for side-channel-list@https://registry.npmjs.org/side-channel-list/-/side-channel-list-1.0.1.tgz. Extracting by manifest.
1565 silly tarball no local data for side-channel-weakmap@https://registry.npmjs.org/side-channel-weakmap/-/side-channel-weakmap-1.0.2.tgz. Extracting by manifest.
1566 silly tarball no local data for side-channel@https://registry.npmjs.org/side-channel/-/side-channel-1.1.0.tgz. Extracting by manifest.
1567 silly tarball no local data for mime@https://registry.npmjs.org/mime/-/mime-1.6.0.tgz. Extracting by manifest.
1568 silly tarball no local data for object-inspect@https://registry.npmjs.org/object-inspect/-/object-inspect-1.13.4.tgz. Extracting by manifest.
1569 silly tarball no local data for ipaddr.js@https://registry.npmjs.org/ipaddr.js/-/ipaddr.js-1.9.1.tgz. Extracting by manifest.
1570 silly tarball no local data for forwarded@https://registry.npmjs.org/forwarded/-/forwarded-0.2.0.tgz. Extracting by manifest.
1571 silly tarball no local data for steno@https://registry.npmjs.org/steno/-/steno-0.4.4.tgz. Extracting by manifest.
1572 silly tarball no local data for semver-compare@https://registry.npmjs.org/semver-compare/-/semver-compare-1.0.0.tgz. Extracting by manifest.
1573 silly tarball no local data for basic-auth@https://registry.npmjs.org/basic-auth/-/basic-auth-2.0.1.tgz. Extracting by manifest.
1574 silly tarball no local data for ee-first@https://registry.npmjs.org/ee-first/-/ee-first-1.1.1.tgz. Extracting by manifest.
1575 silly tarball no local data for pify@https://registry.npmjs.org/pify/-/pify-3.0.0.tgz. Extracting by manifest.
1576 silly tarball no local data for graceful-fs@https://registry.npmjs.org/graceful-fs/-/graceful-fs-4.2.11.tgz. Extracting by manifest.
1577 silly tarball no local data for is-promise@https://registry.npmjs.org/is-promise/-/is-promise-2.2.2.tgz. Extracting by manifest.
1578 silly tarball no local data for buffer-equal-constant-time@https://registry.npmjs.org/buffer-equal-constant-time/-/buffer-equal-constant-time-1.0.1.tgz. Extracting by manifest.
1579 silly tarball no local data for ecdsa-sig-formatter@https://registry.npmjs.org/ecdsa-sig-formatter/-/ecdsa-sig-formatter-1.0.11.tgz. Extracting by manifest.
1580 silly tarball no local data for semver@https://registry.npmjs.org/semver/-/semver-5.7.2.tgz. Extracting by manifest.
1581 silly tarball no local data for lodash.isstring@https://registry.npmjs.org/lodash.isstring/-/lodash.isstring-4.0.1.tgz. Extracting by manifest.
1582 silly tarball no local data for jwa@https://registry.npmjs.org/jwa/-/jwa-1.4.2.tgz. Extracting by manifest.
1583 silly tarball no local data for lodash.isnumber@https://registry.npmjs.org/lodash.isnumber/-/lodash.isnumber-3.0.3.tgz. Extracting by manifest.
1584 silly tarball no local data for lodash.isplainobject@https://registry.npmjs.org/lodash.isplainobject/-/lodash.isplainobject-4.0.6.tgz. Extracting by manifest.
1585 silly tarball no local data for lodash.once@https://registry.npmjs.org/lodash.once/-/lodash.once-4.1.1.tgz. Extracting by manifest.
1586 silly tarball no local data for lodash.isinteger@https://registry.npmjs.org/lodash.isinteger/-/lodash.isinteger-4.0.4.tgz. Extracting by manifest.
1587 silly tarball no local data for lodash.includes@https://registry.npmjs.org/lodash.includes/-/lodash.includes-4.3.0.tgz. Extracting by manifest.
1588 silly tarball no local data for lodash.isboolean@https://registry.npmjs.org/lodash.isboolean/-/lodash.isboolean-3.0.3.tgz. Extracting by manifest.
1589 silly tarball no local data for jws@https://registry.npmjs.org/jws/-/jws-3.2.3.tgz. Extracting by manifest.
1590 silly tarball no local data for jsonwebtoken@https://registry.npmjs.org/jsonwebtoken/-/jsonwebtoken-8.5.1.tgz. Extracting by manifest.
1591 silly tarball no local data for jju@https://registry.npmjs.org/jju/-/jju-1.4.0.tgz. Extracting by manifest.
1592 silly tarball no local data for safer-buffer@https://registry.npmjs.org/safer-buffer/-/safer-buffer-2.1.2.tgz. Extracting by manifest.
1593 silly tarball no local data for bcryptjs@https://registry.npmjs.org/bcryptjs/-/bcryptjs-2.4.3.tgz. Extracting by manifest.
1594 silly tarball no local data for inherits@https://registry.npmjs.org/inherits/-/inherits-2.0.4.tgz. Extracting by manifest.
1595 silly tarball no local data for utils-merge@https://registry.npmjs.org/utils-merge/-/utils-merge-1.0.1.tgz. Extracting by manifest.
1596 silly tarball no local data for toidentifier@https://registry.npmjs.org/toidentifier/-/toidentifier-1.0.1.tgz. Extracting by manifest.
1597 silly tarball no local data for statuses@https://registry.npmjs.org/statuses/-/statuses-2.0.2.tgz. Extracting by manifest.
1598 silly tarball no local data for setprototypeof@https://registry.npmjs.org/setprototypeof/-/setprototypeof-1.2.0.tgz. Extracting by manifest.
1599 silly tarball no local data for serve-static@https://registry.npmjs.org/serve-static/-/serve-static-1.16.3.tgz. Extracting by manifest.
1600 silly tarball no local data for send@https://registry.npmjs.org/send/-/send-0.19.2.tgz. Extracting by manifest.
1601 silly tarball no local data for range-parser@https://registry.npmjs.org/range-parser/-/range-parser-1.2.1.tgz. Extracting by manifest.
1602 silly tarball no local data for proxy-addr@https://registry.npmjs.org/proxy-addr/-/proxy-addr-2.0.7.tgz. Extracting by manifest.
1603 silly tarball no local data for path-to-regexp@https://registry.npmjs.org/path-to-regexp/-/path-to-regexp-0.1.13.tgz. Extracting by manifest.
1604 silly tarball no local data for parseurl@https://registry.npmjs.org/parseurl/-/parseurl-1.3.3.tgz. Extracting by manifest.
1605 silly tarball no local data for fresh@https://registry.npmjs.org/fresh/-/fresh-0.5.2.tgz. Extracting by manifest.
1606 silly tarball no local data for merge-descriptors@https://registry.npmjs.org/merge-descriptors/-/merge-descriptors-1.0.3.tgz. Extracting by manifest.
1607 silly tarball no local data for methods@https://registry.npmjs.org/methods/-/methods-1.1.2.tgz. Extracting by manifest.
1608 silly tarball no local data for encodeurl@https://registry.npmjs.org/encodeurl/-/encodeurl-2.0.0.tgz. Extracting by manifest.
1609 silly tarball no local data for etag@https://registry.npmjs.org/etag/-/etag-1.8.1.tgz. Extracting by manifest.
1610 silly tarball no local data for finalhandler@https://registry.npmjs.org/finalhandler/-/finalhandler-1.3.2.tgz. Extracting by manifest.
1611 silly tarball no local data for cookie-signature@https://registry.npmjs.org/cookie-signature/-/cookie-signature-1.0.7.tgz. Extracting by manifest.
1612 silly tarball no local data for cookie@https://registry.npmjs.org/cookie/-/cookie-0.7.2.tgz. Extracting by manifest.
1613 silly tarball no local data for content-disposition@https://registry.npmjs.org/content-disposition/-/content-disposition-0.5.4.tgz. Extracting by manifest.
1614 silly tarball no local data for accepts@https://registry.npmjs.org/accepts/-/accepts-1.3.8.tgz. Extracting by manifest.
1615 silly tarball no local data for escape-html@https://registry.npmjs.org/escape-html/-/escape-html-1.0.3.tgz. Extracting by manifest.
1616 silly tarball no local data for array-flatten@https://registry.npmjs.org/array-flatten/-/array-flatten-1.1.1.tgz. Extracting by manifest.
1617 silly tarball no local data for vary@https://registry.npmjs.org/vary/-/vary-1.1.2.tgz. Extracting by manifest.
1618 silly tarball no local data for object-assign@https://registry.npmjs.org/object-assign/-/object-assign-4.1.1.tgz. Extracting by manifest.
1619 silly tarball no local data for on-headers@https://registry.npmjs.org/on-headers/-/on-headers-1.1.0.tgz. Extracting by manifest.
1620 silly tarball no local data for safe-buffer@https://registry.npmjs.org/safe-buffer/-/safe-buffer-5.2.1.tgz. Extracting by manifest.
1621 silly tarball no local data for mime-db@https://registry.npmjs.org/mime-db/-/mime-db-1.54.0.tgz. Extracting by manifest.
1622 silly tarball no local data for compressible@https://registry.npmjs.org/compressible/-/compressible-2.0.18.tgz. Extracting by manifest.
1623 silly tarball no local data for negotiator@https://registry.npmjs.org/negotiator/-/negotiator-0.6.4.tgz. Extracting by manifest.
1624 silly tarball no local data for color-convert@https://registry.npmjs.org/color-convert/-/color-convert-2.0.1.tgz. Extracting by manifest.
1625 silly tarball no local data for color-name@https://registry.npmjs.org/color-name/-/color-name-1.1.4.tgz. Extracting by manifest.
1626 silly tarball no local data for ansi-styles@https://registry.npmjs.org/ansi-styles/-/ansi-styles-4.3.0.tgz. Extracting by manifest.
1627 silly tarball no local data for supports-color@https://registry.npmjs.org/supports-color/-/supports-color-7.2.0.tgz. Extracting by manifest.
1628 silly tarball no local data for raw-body@https://registry.npmjs.org/raw-body/-/raw-body-2.5.3.tgz. Extracting by manifest.
1629 silly tarball no local data for qs@https://registry.npmjs.org/qs/-/qs-6.15.2.tgz. Extracting by manifest.
1630 silly tarball no local data for unpipe@https://registry.npmjs.org/unpipe/-/unpipe-1.0.0.tgz. Extracting by manifest.
1631 silly tarball no local data for type-is@https://registry.npmjs.org/type-is/-/type-is-1.6.18.tgz. Extracting by manifest.
1632 silly tarball no local data for on-finished@https://registry.npmjs.org/on-finished/-/on-finished-2.4.1.tgz. Extracting by manifest.
1633 silly tarball no local data for iconv-lite@https://registry.npmjs.org/iconv-lite/-/iconv-lite-0.4.24.tgz. Extracting by manifest.
1634 silly tarball no local data for destroy@https://registry.npmjs.org/destroy/-/destroy-1.2.0.tgz. Extracting by manifest.
1635 silly tarball no local data for http-errors@https://registry.npmjs.org/http-errors/-/http-errors-2.0.1.tgz. Extracting by manifest.
1636 silly tarball no local data for depd@https://registry.npmjs.org/depd/-/depd-2.0.0.tgz. Extracting by manifest.
1637 silly tarball no local data for server-destroy@https://registry.npmjs.org/server-destroy/-/server-destroy-1.0.1.tgz. Extracting by manifest.
1638 silly tarball no local data for yargs@https://registry.npmjs.org/yargs/-/yargs-17.7.2.tgz. Extracting by manifest.
1639 silly tarball no local data for bytes@https://registry.npmjs.org/bytes/-/bytes-3.1.2.tgz. Extracting by manifest.
1640 silly tarball no local data for pluralize@https://registry.npmjs.org/pluralize/-/pluralize-8.0.0.tgz. Extracting by manifest.
1641 silly tarball no local data for content-type@https://registry.npmjs.org/content-type/-/content-type-1.0.5.tgz. Extracting by manifest.
1642 silly tarball no local data for nanoid@https://registry.npmjs.org/nanoid/-/nanoid-3.3.12.tgz. Extracting by manifest.
1643 silly tarball no local data for please-upgrade-node@https://registry.npmjs.org/please-upgrade-node/-/please-upgrade-node-3.2.0.tgz. Extracting by manifest.
1644 silly tarball no local data for morgan@https://registry.npmjs.org/morgan/-/morgan-1.10.1.tgz. Extracting by manifest.
1645 silly tarball no local data for method-override@https://registry.npmjs.org/method-override/-/method-override-3.0.0.tgz. Extracting by manifest.
1646 silly tarball no local data for lodash@https://registry.npmjs.org/lodash/-/lodash-4.18.1.tgz. Extracting by manifest.
1647 silly tarball no local data for json-parse-helpfulerror@https://registry.npmjs.org/json-parse-helpfulerror/-/json-parse-helpfulerror-1.0.3.tgz. Extracting by manifest.
1648 silly tarball no local data for lodash-id@https://registry.npmjs.org/lodash-id/-/lodash-id-0.14.1.tgz. Extracting by manifest.
1649 silly tarball no local data for lowdb@https://registry.npmjs.org/lowdb/-/lowdb-1.0.0.tgz. Extracting by manifest.
1650 silly tarball no local data for express@https://registry.npmjs.org/express/-/express-4.22.2.tgz. Extracting by manifest.
1651 silly tarball no local data for cors@https://registry.npmjs.org/cors/-/cors-2.8.6.tgz. Extracting by manifest.
1652 silly tarball no local data for errorhandler@https://registry.npmjs.org/errorhandler/-/errorhandler-1.5.2.tgz. Extracting by manifest.
1653 silly tarball no local data for express-urlrewrite@https://registry.npmjs.org/express-urlrewrite/-/express-urlrewrite-1.4.0.tgz. Extracting by manifest.
1654 silly tarball no local data for connect-pause@https://registry.npmjs.org/connect-pause/-/connect-pause-0.1.1.tgz. Extracting by manifest.
1655 silly tarball no local data for compression@https://registry.npmjs.org/compression/-/compression-1.8.1.tgz. Extracting by manifest.
1656 silly tarball no local data for chalk@https://registry.npmjs.org/chalk/-/chalk-4.1.2.tgz. Extracting by manifest.
1657 silly tarball no local data for body-parser@https://registry.npmjs.org/body-parser/-/body-parser-1.20.5.tgz. Extracting by manifest.
1658 silly tarball no local data for debug@https://registry.npmjs.org/debug/-/debug-4.4.3.tgz. Extracting by manifest.
1659 silly tarball no local data for dunder-proto@https://registry.npmjs.org/dunder-proto/-/dunder-proto-1.0.1.tgz. Extracting by manifest.
1660 silly tarball no local data for math-intrinsics@https://registry.npmjs.org/math-intrinsics/-/math-intrinsics-1.1.0.tgz. Extracting by manifest.
1661 silly tarball no local data for ms@https://registry.npmjs.org/ms/-/ms-2.1.3.tgz. Extracting by manifest.
1662 silly tarball no local data for agent-base@https://registry.npmjs.org/agent-base/-/agent-base-6.0.2.tgz. Extracting by manifest.
1663 silly tarball no local data for has-symbols@https://registry.npmjs.org/has-symbols/-/has-symbols-1.1.0.tgz. Extracting by manifest.
1664 silly tarball no local data for gopd@https://registry.npmjs.org/gopd/-/gopd-1.2.0.tgz. Extracting by manifest.
1665 silly tarball no local data for get-proto@https://registry.npmjs.org/get-proto/-/get-proto-1.0.1.tgz. Extracting by manifest.
1666 silly tarball no local data for function-bind@https://registry.npmjs.org/function-bind/-/function-bind-1.1.2.tgz. Extracting by manifest.
1667 silly tarball no local data for es-object-atoms@https://registry.npmjs.org/es-object-atoms/-/es-object-atoms-1.1.2.tgz. Extracting by manifest.
1668 silly tarball no local data for es-define-property@https://registry.npmjs.org/es-define-property/-/es-define-property-1.0.1.tgz. Extracting by manifest.
1669 silly tarball no local data for call-bind-apply-helpers@https://registry.npmjs.org/call-bind-apply-helpers/-/call-bind-apply-helpers-1.0.2.tgz. Extracting by manifest.
1670 silly tarball no local data for has-tostringtag@https://registry.npmjs.org/has-tostringtag/-/has-tostringtag-1.0.2.tgz. Extracting by manifest.
1671 silly tarball no local data for es-errors@https://registry.npmjs.org/es-errors/-/es-errors-1.3.0.tgz. Extracting by manifest.
1672 silly tarball no local data for delayed-stream@https://registry.npmjs.org/delayed-stream/-/delayed-stream-1.0.0.tgz. Extracting by manifest.
1673 silly tarball no local data for hasown@https://registry.npmjs.org/hasown/-/hasown-2.0.3.tgz. Extracting by manifest.
1674 silly tarball no local data for get-intrinsic@https://registry.npmjs.org/get-intrinsic/-/get-intrinsic-1.3.0.tgz. Extracting by manifest.
1675 silly tarball no local data for mime-types@https://registry.npmjs.org/mime-types/-/mime-types-2.1.35.tgz. Extracting by manifest.
1676 silly tarball no local data for es-set-tostringtag@https://registry.npmjs.org/es-set-tostringtag/-/es-set-tostringtag-2.1.0.tgz. Extracting by manifest.
1677 silly tarball no local data for combined-stream@https://registry.npmjs.org/combined-stream/-/combined-stream-1.0.8.tgz. Extracting by manifest.
1678 silly tarball no local data for proxy-from-env@https://registry.npmjs.org/proxy-from-env/-/proxy-from-env-2.1.0.tgz. Extracting by manifest.
1679 silly tarball no local data for asynckit@https://registry.npmjs.org/asynckit/-/asynckit-0.4.0.tgz. Extracting by manifest.
1680 silly tarball no local data for vue-router@https://registry.npmjs.org/vue-router/-/vue-router-4.6.4.tgz. Extracting by manifest.
1681 silly tarball no local data for form-data@https://registry.npmjs.org/form-data/-/form-data-4.0.5.tgz. Extracting by manifest.
1682 silly tarball no local data for json-server-auth@https://registry.npmjs.org/json-server-auth/-/json-server-auth-2.1.0.tgz. Extracting by manifest.
1683 silly tarball no local data for axios@https://registry.npmjs.org/axios/-/axios-1.16.1.tgz. Extracting by manifest.
1684 silly tarball no local data for follow-redirects@https://registry.npmjs.org/follow-redirects/-/follow-redirects-1.16.0.tgz. Extracting by manifest.
1685 silly tarball no local data for @vitejs/plugin-vue@https://registry.npmjs.org/@vitejs/plugin-vue/-/plugin-vue-5.2.4.tgz. Extracting by manifest.
1686 silly tarball no local data for https-proxy-agent@https://registry.npmjs.org/https-proxy-agent/-/https-proxy-agent-5.0.1.tgz. Extracting by manifest.
1687 silly tarball no local data for safe-buffer@https://registry.npmjs.org/safe-buffer/-/safe-buffer-5.1.2.tgz. Extracting by manifest.
1688 silly tarball no local data for vite@https://registry.npmjs.org/vite/-/vite-6.4.2.tgz. Extracting by manifest.
1689 silly tarball no local data for json-server@https://registry.npmjs.org/json-server/-/json-server-0.17.4.tgz. Extracting by manifest.
1690 silly tarball no local data for vue@https://registry.npmjs.org/vue/-/vue-3.5.34.tgz. Extracting by manifest.
1691 silly tarball no local data for debug@https://registry.npmjs.org/debug/-/debug-2.6.9.tgz. Extracting by manifest.
1692 silly tarball no local data for ms@https://registry.npmjs.org/ms/-/ms-2.0.0.tgz. Extracting by manifest.
1693 silly tarball no local data for ms@https://registry.npmjs.org/ms/-/ms-2.0.0.tgz. Extracting by manifest.
1694 silly tarball no local data for debug@https://registry.npmjs.org/debug/-/debug-2.6.9.tgz. Extracting by manifest.
1695 silly tarball no local data for negotiator@https://registry.npmjs.org/negotiator/-/negotiator-0.6.3.tgz. Extracting by manifest.
1696 silly tarball no local data for debug@https://registry.npmjs.org/debug/-/debug-2.6.9.tgz. Extracting by manifest.
1697 silly tarball no local data for ms@https://registry.npmjs.org/ms/-/ms-2.0.0.tgz. Extracting by manifest.
1698 silly tarball no local data for debug@https://registry.npmjs.org/debug/-/debug-3.1.0.tgz. Extracting by manifest.
1699 silly tarball no local data for ms@https://registry.npmjs.org/ms/-/ms-2.0.0.tgz. Extracting by manifest.
1700 silly tarball no local data for path-to-regexp@https://registry.npmjs.org/path-to-regexp/-/path-to-regexp-1.9.0.tgz. Extracting by manifest.
1701 silly tarball no local data for ms@https://registry.npmjs.org/ms/-/ms-2.0.0.tgz. Extracting by manifest.
1702 silly tarball no local data for debug@https://registry.npmjs.org/debug/-/debug-2.6.9.tgz. Extracting by manifest.
1703 silly tarball no local data for ms@https://registry.npmjs.org/ms/-/ms-2.0.0.tgz. Extracting by manifest.
1704 silly tarball no local data for on-finished@https://registry.npmjs.org/on-finished/-/on-finished-2.3.0.tgz. Extracting by manifest.
1705 silly tarball no local data for debug@https://registry.npmjs.org/debug/-/debug-2.6.9.tgz. Extracting by manifest.
1706 silly tarball no local data for debug@https://registry.npmjs.org/debug/-/debug-2.6.9.tgz. Extracting by manifest.
1707 silly tarball no local data for ms@https://registry.npmjs.org/ms/-/ms-2.0.0.tgz. Extracting by manifest.
1708 silly tarball no local data for mime-db@https://registry.npmjs.org/mime-db/-/mime-db-1.52.0.tgz. Extracting by manifest.
1709 silly tarball no local data for cliui@https://registry.npmjs.org/cliui/-/cliui-7.0.4.tgz. Extracting by manifest.
1710 silly tarball no local data for yargs-parser@https://registry.npmjs.org/yargs-parser/-/yargs-parser-20.2.9.tgz. Extracting by manifest.
1711 silly tarball no local data for yargs@https://registry.npmjs.org/yargs/-/yargs-16.2.0.tgz. Extracting by manifest.
1712 http fetch POST 200 https://registry.npmjs.org/-/npm/v1/security/advisories/bulk 343ms
1713 silly audit report {
1713 silly audit report   jsonwebtoken: [
1713 silly audit report     {
1713 silly audit report       id: 1102458,
1713 silly audit report       url: 'https://github.com/advisories/GHSA-qwph-4952-7xr6',
1713 silly audit report       title: 'jsonwebtoken vulnerable to signature validation bypass due to insecure default algorithm in jwt.verify()',
1713 silly audit report       severity: 'moderate',
1713 silly audit report       vulnerable_versions: '<9.0.0',
1713 silly audit report       cwe: [Array],
1713 silly audit report       cvss: [Object]
1713 silly audit report     },
1713 silly audit report     {
1713 silly audit report       id: 1097690,
1713 silly audit report       url: 'https://github.com/advisories/GHSA-8cf7-32gw-wr33',
1713 silly audit report       title: 'jsonwebtoken unrestricted key type could lead to legacy keys usage ',
1713 silly audit report       severity: 'high',
1713 silly audit report       vulnerable_versions: '<=8.5.1',
1713 silly audit report       cwe: [Array],
1713 silly audit report       cvss: [Object]
1713 silly audit report     },
1713 silly audit report     {
1713 silly audit report       id: 1097694,
1713 silly audit report       url: 'https://github.com/advisories/GHSA-hjrf-2m68-5959',
1713 silly audit report       title: "jsonwebtoken's insecure implementation of key retrieval function could lead to Forgeable Public/Private Tokens from RSA to HMAC",
1713 silly audit report       severity: 'moderate',
1713 silly audit report       vulnerable_versions: '<=8.5.1',
1713 silly audit report       cwe: [Array],
1713 silly audit report       cvss: [Object]
1713 silly audit report     }
1713 silly audit report   ]
1713 silly audit report }
1714 silly packumentCache corgi:https://registry.npmjs.org/jsonwebtoken cache-miss
1715 http fetch GET 200 https://registry.npmjs.org/ansi-regex/-/ansi-regex-5.0.1.tgz 344ms (cache miss)
1716 http fetch GET 200 https://registry.npmjs.org/wrap-ansi/-/wrap-ansi-7.0.0.tgz 345ms (cache miss)
1717 http fetch GET 200 https://registry.npmjs.org/strip-ansi/-/strip-ansi-6.0.1.tgz 344ms (cache miss)
1718 http fetch GET 200 https://registry.npmjs.org/emoji-regex/-/emoji-regex-8.0.0.tgz 349ms (cache miss)
1719 http fetch GET 200 https://registry.npmjs.org/isarray/-/isarray-0.0.1.tgz 351ms (cache miss)
1720 http fetch GET 200 https://registry.npmjs.org/get-caller-file/-/get-caller-file-2.0.5.tgz 348ms (cache miss)
1721 http fetch GET 200 https://registry.npmjs.org/escalade/-/escalade-3.2.0.tgz 349ms (cache miss)
1722 http fetch GET 200 https://registry.npmjs.org/y18n/-/y18n-5.0.8.tgz 353ms (cache miss)
1723 http fetch GET 200 https://registry.npmjs.org/@vue/devtools-api/-/devtools-api-6.6.4.tgz 362ms (cache miss)
1724 http fetch GET 200 https://registry.npmjs.org/is-fullwidth-code-point/-/is-fullwidth-code-point-3.0.0.tgz 378ms (cache miss)
1725 http fetch GET 200 https://registry.npmjs.org/require-directory/-/require-directory-2.1.1.tgz 373ms (cache miss)
1726 http fetch GET 200 https://registry.npmjs.org/string-width/-/string-width-4.2.3.tgz 376ms (cache miss)
1727 http fetch GET 200 https://registry.npmjs.org/estree-walker/-/estree-walker-2.0.2.tgz 414ms (cache miss)
1728 http fetch GET 200 https://registry.npmjs.org/@vue/compiler-ssr/-/compiler-ssr-3.5.34.tgz 422ms (cache miss)
1729 http fetch GET 200 https://registry.npmjs.org/@types/estree/-/estree-1.0.8.tgz 420ms (cache miss)
1730 http fetch GET 200 https://registry.npmjs.org/@vue/shared/-/shared-3.5.34.tgz 422ms (cache miss)
1731 http fetch GET 200 https://registry.npmjs.org/@babel/helper-validator-identifier/-/helper-validator-identifier-7.29.7.tgz 429ms (cache miss)
1732 http fetch GET 200 https://registry.npmjs.org/picocolors/-/picocolors-1.1.1.tgz 477ms (cache miss)
1733 http fetch GET 200 https://registry.npmjs.org/tinyglobby/-/tinyglobby-0.2.16.tgz 521ms (cache miss)
1734 http fetch GET 200 https://registry.npmjs.org/cliui/-/cliui-8.0.1.tgz 539ms (cache miss)
1735 http fetch GET 200 https://registry.npmjs.org/media-typer/-/media-typer-0.3.0.tgz 531ms (cache miss)
1736 http fetch GET 200 https://registry.npmjs.org/has-flag/-/has-flag-4.0.0.tgz 575ms (cache miss)
1737 http fetch GET 200 https://registry.npmjs.org/side-channel-list/-/side-channel-list-1.0.1.tgz 671ms (cache miss)
1738 http fetch GET 200 https://registry.npmjs.org/yargs-parser/-/yargs-parser-21.1.1.tgz 698ms (cache miss)
1739 http fetch GET 200 https://registry.npmjs.org/side-channel/-/side-channel-1.1.0.tgz 685ms (cache miss)
1740 http fetch GET 200 https://registry.npmjs.org/steno/-/steno-0.4.4.tgz 692ms (cache miss)
1741 http fetch GET 200 https://registry.npmjs.org/semver-compare/-/semver-compare-1.0.0.tgz 693ms (cache miss)
1742 http fetch GET 200 https://registry.npmjs.org/fdir/-/fdir-6.5.0.tgz 701ms (cache miss)
1743 http fetch GET 200 https://registry.npmjs.org/side-channel-map/-/side-channel-map-1.0.1.tgz 721ms (cache miss)
1744 http fetch GET 200 https://registry.npmjs.org/ipaddr.js/-/ipaddr.js-1.9.1.tgz 720ms (cache miss)
1745 http fetch GET 200 https://registry.npmjs.org/forwarded/-/forwarded-0.2.0.tgz 721ms (cache miss)
1746 http fetch GET 200 https://registry.npmjs.org/side-channel-weakmap/-/side-channel-weakmap-1.0.2.tgz 732ms (cache miss)
1747 http fetch GET 200 https://registry.npmjs.org/@babel/helper-string-parser/-/helper-string-parser-7.29.7.tgz 781ms (cache miss)
1748 http fetch GET 200 https://registry.npmjs.org/esbuild/-/esbuild-0.25.12.tgz 780ms (cache miss)
1749 http fetch GET 200 https://registry.npmjs.org/basic-auth/-/basic-auth-2.0.1.tgz 778ms (cache miss)
1750 http fetch GET 200 https://registry.npmjs.org/graceful-fs/-/graceful-fs-4.2.11.tgz 777ms (cache miss)
1751 http fetch GET 200 https://registry.npmjs.org/pify/-/pify-3.0.0.tgz 796ms (cache miss)
1752 http fetch GET 200 https://registry.npmjs.org/is-promise/-/is-promise-2.2.2.tgz 794ms (cache miss)
1753 http fetch GET 200 https://registry.npmjs.org/lodash.isstring/-/lodash.isstring-4.0.1.tgz 810ms (cache miss)
1754 http fetch GET 200 https://registry.npmjs.org/ee-first/-/ee-first-1.1.1.tgz 816ms (cache miss)
1755 http fetch GET 200 https://registry.npmjs.org/buffer-equal-constant-time/-/buffer-equal-constant-time-1.0.1.tgz 829ms (cache miss)
1756 http fetch GET 200 https://registry.npmjs.org/lodash.isinteger/-/lodash.isinteger-4.0.4.tgz 827ms (cache miss)
1757 http fetch GET 200 https://registry.npmjs.org/jwa/-/jwa-1.4.2.tgz 836ms (cache miss)
1758 http fetch GET 200 https://registry.npmjs.org/lodash.once/-/lodash.once-4.1.1.tgz 837ms (cache miss)
1759 http fetch GET 200 https://registry.npmjs.org/ecdsa-sig-formatter/-/ecdsa-sig-formatter-1.0.11.tgz 843ms (cache miss)
1760 http fetch GET 200 https://registry.npmjs.org/lodash.isplainobject/-/lodash.isplainobject-4.0.6.tgz 856ms (cache miss)
1761 http fetch GET 200 https://registry.npmjs.org/lodash.includes/-/lodash.includes-4.3.0.tgz 857ms (cache miss)
1762 http fetch GET 200 https://registry.npmjs.org/lodash.isnumber/-/lodash.isnumber-3.0.3.tgz 861ms (cache miss)
1763 http fetch GET 200 https://registry.npmjs.org/lodash.isboolean/-/lodash.isboolean-3.0.3.tgz 866ms (cache miss)
1764 http fetch GET 200 https://registry.npmjs.org/call-bound/-/call-bound-1.0.4.tgz 887ms (cache miss)
1765 http fetch GET 200 https://registry.npmjs.org/picomatch/-/picomatch-4.0.4.tgz 891ms (cache miss)
1766 http fetch GET 200 https://registry.npmjs.org/inherits/-/inherits-2.0.4.tgz 892ms (cache miss)
1767 http fetch GET 200 https://registry.npmjs.org/jws/-/jws-3.2.3.tgz 900ms (cache miss)
1768 http fetch GET 200 https://registry.npmjs.org/toidentifier/-/toidentifier-1.0.1.tgz 902ms (cache miss)
1769 http fetch GET 200 https://registry.npmjs.org/setprototypeof/-/setprototypeof-1.2.0.tgz 902ms (cache miss)
1770 http fetch GET 200 https://registry.npmjs.org/statuses/-/statuses-2.0.2.tgz 934ms (cache miss)
1771 http fetch GET 200 https://registry.npmjs.org/@vue/server-renderer/-/server-renderer-3.5.34.tgz 962ms (cache miss)
1772 http fetch GET 200 https://registry.npmjs.org/@vue/compiler-core/-/compiler-core-3.5.34.tgz 970ms (cache miss)
1773 http fetch GET 200 https://registry.npmjs.org/semver/-/semver-5.7.2.tgz 966ms (cache miss)
1774 http fetch GET 200 https://registry.npmjs.org/utils-merge/-/utils-merge-1.0.1.tgz 968ms (cache miss)
1775 http fetch GET 200 https://registry.npmjs.org/path-to-regexp/-/path-to-regexp-0.1.13.tgz 965ms (cache miss)
1776 http fetch GET 200 https://registry.npmjs.org/fresh/-/fresh-0.5.2.tgz 965ms (cache miss)
1777 http fetch GET 200 https://registry.npmjs.org/encodeurl/-/encodeurl-2.0.0.tgz 991ms (cache miss)
1778 http fetch GET 200 https://registry.npmjs.org/@vue/reactivity/-/reactivity-3.5.34.tgz 1035ms (cache miss)
1779 http fetch GET 200 https://registry.npmjs.org/cookie-signature/-/cookie-signature-1.0.7.tgz 1003ms (cache miss)
1780 http fetch GET 200 https://registry.npmjs.org/merge-descriptors/-/merge-descriptors-1.0.3.tgz 1014ms (cache miss)
1781 http fetch GET 200 https://registry.npmjs.org/methods/-/methods-1.1.2.tgz 1023ms (cache miss)
1782 http fetch GET 200 https://registry.npmjs.org/magic-string/-/magic-string-0.30.21.tgz 1069ms (cache miss)
1783 http fetch GET 200 https://registry.npmjs.org/cookie/-/cookie-0.7.2.tgz 1027ms (cache miss)
1784 http fetch GET 200 https://registry.npmjs.org/serve-static/-/serve-static-1.16.3.tgz 1036ms (cache miss)
1785 http fetch GET 200 https://registry.npmjs.org/proxy-addr/-/proxy-addr-2.0.7.tgz 1043ms (cache miss)
1786 http fetch GET 200 https://registry.npmjs.org/mime/-/mime-1.6.0.tgz 1063ms (cache miss)
1787 http fetch GET 200 https://registry.npmjs.org/parseurl/-/parseurl-1.3.3.tgz 1045ms (cache miss)
1788 http fetch GET 200 https://registry.npmjs.org/accepts/-/accepts-1.3.8.tgz 1045ms (cache miss)
1789 http fetch GET 200 https://registry.npmjs.org/range-parser/-/range-parser-1.2.1.tgz 1056ms (cache miss)
1790 http fetch GET 200 https://registry.npmjs.org/array-flatten/-/array-flatten-1.1.1.tgz 1050ms (cache miss)
1791 http fetch GET 200 https://registry.npmjs.org/object-assign/-/object-assign-4.1.1.tgz 1050ms (cache miss)
1792 http fetch GET 200 https://registry.npmjs.org/finalhandler/-/finalhandler-1.3.2.tgz 1054ms (cache miss)
1793 http fetch GET 200 https://registry.npmjs.org/escape-html/-/escape-html-1.0.3.tgz 1062ms (cache miss)
1794 http fetch GET 200 https://registry.npmjs.org/on-headers/-/on-headers-1.1.0.tgz 1062ms (cache miss)
1795 http fetch GET 200 https://registry.npmjs.org/etag/-/etag-1.8.1.tgz 1067ms (cache miss)
1796 http fetch GET 200 https://registry.npmjs.org/content-disposition/-/content-disposition-0.5.4.tgz 1074ms (cache miss)
1797 http fetch GET 200 https://registry.npmjs.org/compressible/-/compressible-2.0.18.tgz 1071ms (cache miss)
1798 http fetch GET 200 https://registry.npmjs.org/safe-buffer/-/safe-buffer-5.2.1.tgz 1073ms (cache miss)
1799 http fetch GET 200 https://registry.npmjs.org/vary/-/vary-1.1.2.tgz 1077ms (cache miss)
1800 http fetch GET 200 https://registry.npmjs.org/safer-buffer/-/safer-buffer-2.1.2.tgz 1095ms (cache miss)
1801 http fetch GET 200 https://registry.npmjs.org/send/-/send-0.19.2.tgz 1096ms (cache miss)
1802 http fetch GET 200 https://registry.npmjs.org/supports-color/-/supports-color-7.2.0.tgz 1083ms (cache miss)
1803 http fetch GET 200 https://registry.npmjs.org/color-convert/-/color-convert-2.0.1.tgz 1085ms (cache miss)
1804 http fetch GET 200 https://registry.npmjs.org/negotiator/-/negotiator-0.6.4.tgz 1097ms (cache miss)
1805 http fetch GET 200 https://registry.npmjs.org/csstype/-/csstype-3.2.3.tgz 1146ms (cache miss)
1806 http fetch GET 200 https://registry.npmjs.org/color-name/-/color-name-1.1.4.tgz 1111ms (cache miss)
1807 http fetch GET 200 https://registry.npmjs.org/unpipe/-/unpipe-1.0.0.tgz 1117ms (cache miss)
1808 http fetch GET 200 https://registry.npmjs.org/raw-body/-/raw-body-2.5.3.tgz 1122ms (cache miss)
1809 http fetch GET 200 https://registry.npmjs.org/on-finished/-/on-finished-2.4.1.tgz 1122ms (cache miss)
1810 http fetch GET 200 https://registry.npmjs.org/http-errors/-/http-errors-2.0.1.tgz 1139ms (cache miss)
1811 http fetch GET 200 https://registry.npmjs.org/server-destroy/-/server-destroy-1.0.1.tgz 1149ms (cache miss)
1812 http fetch GET 200 https://registry.npmjs.org/destroy/-/destroy-1.2.0.tgz 1156ms (cache miss)
1813 http fetch GET 200 https://registry.npmjs.org/pluralize/-/pluralize-8.0.0.tgz 1163ms (cache miss)
1814 http fetch GET 200 https://registry.npmjs.org/bytes/-/bytes-3.1.2.tgz 1164ms (cache miss)
1815 http fetch GET 200 https://registry.npmjs.org/depd/-/depd-2.0.0.tgz 1167ms (cache miss)
1816 http fetch GET 200 https://registry.npmjs.org/type-is/-/type-is-1.6.18.tgz 1172ms (cache miss)
1817 http fetch GET 200 https://registry.npmjs.org/morgan/-/morgan-1.10.1.tgz 1166ms (cache miss)
1818 http fetch GET 200 https://registry.npmjs.org/please-upgrade-node/-/please-upgrade-node-3.2.0.tgz 1168ms (cache miss)
1819 http fetch GET 200 https://registry.npmjs.org/json-parse-helpfulerror/-/json-parse-helpfulerror-1.0.3.tgz 1167ms (cache miss)
1820 http fetch GET 200 https://registry.npmjs.org/content-type/-/content-type-1.0.5.tgz 1185ms (cache miss)
1821 http fetch GET 200 https://registry.npmjs.org/lodash-id/-/lodash-id-0.14.1.tgz 1187ms (cache miss)
1822 http fetch GET 200 https://registry.npmjs.org/lowdb/-/lowdb-1.0.0.tgz 1188ms (cache miss)
1823 http fetch GET 200 https://registry.npmjs.org/cors/-/cors-2.8.6.tgz 1194ms (cache miss)
1824 http fetch GET 200 https://registry.npmjs.org/express-urlrewrite/-/express-urlrewrite-1.4.0.tgz 1195ms (cache miss)
1825 http fetch GET 200 https://registry.npmjs.org/method-override/-/method-override-3.0.0.tgz 1203ms (cache miss)
1826 http fetch GET 200 https://registry.npmjs.org/debug/-/debug-4.4.3.tgz 1220ms (cache miss)
1827 http fetch GET 200 https://registry.npmjs.org/dunder-proto/-/dunder-proto-1.0.1.tgz 1235ms (cache miss)
1828 http fetch GET 200 https://registry.npmjs.org/math-intrinsics/-/math-intrinsics-1.1.0.tgz 1234ms (cache miss)
1829 http fetch GET 200 https://registry.npmjs.org/connect-pause/-/connect-pause-0.1.1.tgz 1240ms (cache miss)
1830 http fetch GET 200 https://registry.npmjs.org/compression/-/compression-1.8.1.tgz 1240ms (cache miss)
1831 http fetch GET 200 https://registry.npmjs.org/agent-base/-/agent-base-6.0.2.tgz 1249ms (cache miss)
1832 http fetch GET 200 https://registry.npmjs.org/errorhandler/-/errorhandler-1.5.2.tgz 1257ms (cache miss)
1833 http fetch GET 200 https://registry.npmjs.org/@vue/runtime-core/-/runtime-core-3.5.34.tgz 1328ms (cache miss)
1834 http fetch GET 200 https://registry.npmjs.org/ansi-styles/-/ansi-styles-4.3.0.tgz 1281ms (cache miss)
1835 http fetch GET 200 https://registry.npmjs.org/es-object-atoms/-/es-object-atoms-1.1.2.tgz 1263ms (cache miss)
1836 http fetch GET 200 https://registry.npmjs.org/ms/-/ms-2.1.3.tgz 1268ms (cache miss)
1837 http fetch GET 200 https://registry.npmjs.org/gopd/-/gopd-1.2.0.tgz 1274ms (cache miss)
1838 http fetch GET 200 https://registry.npmjs.org/has-tostringtag/-/has-tostringtag-1.0.2.tgz 1271ms (cache miss)
1839 http fetch GET 200 https://registry.npmjs.org/get-proto/-/get-proto-1.0.1.tgz 1285ms (cache miss)
1840 http fetch GET 200 https://registry.npmjs.org/function-bind/-/function-bind-1.1.2.tgz 1286ms (cache miss)
1841 http fetch GET 200 https://registry.npmjs.org/es-errors/-/es-errors-1.3.0.tgz 1283ms (cache miss)
1842 http fetch GET 200 https://registry.npmjs.org/delayed-stream/-/delayed-stream-1.0.0.tgz 1285ms (cache miss)
1843 http fetch GET 200 https://registry.npmjs.org/es-define-property/-/es-define-property-1.0.1.tgz 1296ms (cache miss)
1844 http fetch GET 200 https://registry.npmjs.org/body-parser/-/body-parser-1.20.5.tgz 1306ms (cache miss)
1845 http fetch GET 200 https://registry.npmjs.org/hasown/-/hasown-2.0.3.tgz 1306ms (cache miss)
1846 http fetch GET 200 https://registry.npmjs.org/es-set-tostringtag/-/es-set-tostringtag-2.1.0.tgz 1306ms (cache miss)
1847 http fetch GET 200 https://registry.npmjs.org/mime-db/-/mime-db-1.54.0.tgz 1349ms (cache miss)
1848 http fetch GET 200 https://registry.npmjs.org/combined-stream/-/combined-stream-1.0.8.tgz 1318ms (cache miss)
1849 http fetch GET 200 https://registry.npmjs.org/proxy-from-env/-/proxy-from-env-2.1.0.tgz 1318ms (cache miss)
1850 http fetch GET 200 https://registry.npmjs.org/mime-types/-/mime-types-2.1.35.tgz 1325ms (cache miss)
1851 http fetch GET 200 https://registry.npmjs.org/@vue/compiler-dom/-/compiler-dom-3.5.34.tgz 1399ms (cache miss)
1852 http fetch GET 200 https://registry.npmjs.org/source-map-js/-/source-map-js-1.2.1.tgz 1398ms (cache miss)
1853 http fetch GET 200 https://registry.npmjs.org/asynckit/-/asynckit-0.4.0.tgz 1333ms (cache miss)
1854 http fetch GET 200 https://registry.npmjs.org/follow-redirects/-/follow-redirects-1.16.0.tgz 1333ms (cache miss)
1855 http fetch GET 200 https://registry.npmjs.org/https-proxy-agent/-/https-proxy-agent-5.0.1.tgz 1353ms (cache miss)
1856 http fetch GET 200 https://registry.npmjs.org/ms/-/ms-2.0.0.tgz 1365ms (cache miss)
1857 http fetch GET 200 https://registry.npmjs.org/safe-buffer/-/safe-buffer-5.1.2.tgz 1377ms (cache miss)
1858 http fetch GET 200 https://registry.npmjs.org/ms/-/ms-2.0.0.tgz 1398ms (cache miss)
1859 http fetch GET 200 https://registry.npmjs.org/ms/-/ms-2.0.0.tgz 1398ms (cache miss)
1860 http fetch GET 200 https://registry.npmjs.org/ms/-/ms-2.0.0.tgz 1395ms (cache miss)
1861 http fetch GET 200 https://registry.npmjs.org/ms/-/ms-2.0.0.tgz 1397ms (cache miss)
1862 http fetch GET 200 https://registry.npmjs.org/path-to-regexp/-/path-to-regexp-1.9.0.tgz 1409ms (cache miss)
1863 http fetch GET 200 https://registry.npmjs.org/jju/-/jju-1.4.0.tgz 1469ms (cache miss)
1864 http fetch GET 200 https://registry.npmjs.org/on-finished/-/on-finished-2.3.0.tgz 1414ms (cache miss)
1865 http fetch GET 200 https://registry.npmjs.org/ms/-/ms-2.0.0.tgz 1421ms (cache miss)
1866 http fetch GET 200 https://registry.npmjs.org/ms/-/ms-2.0.0.tgz 1418ms (cache miss)
1867 http fetch GET 200 https://registry.npmjs.org/jsonwebtoken/-/jsonwebtoken-8.5.1.tgz 1508ms (cache miss)
1868 http fetch GET 200 https://registry.npmjs.org/get-intrinsic/-/get-intrinsic-1.3.0.tgz 1483ms (cache miss)
1869 http fetch GET 200 https://registry.npmjs.org/jsonwebtoken 1333ms (cache miss)
1870 silly packumentCache corgi:https://registry.npmjs.org/jsonwebtoken set size:undefined disposed:false
1871 http fetch GET 200 https://registry.npmjs.org/@jridgewell/sourcemap-codec/-/sourcemap-codec-1.5.5.tgz 1621ms (cache miss)
1872 http fetch GET 200 https://registry.npmjs.org/chalk/-/chalk-4.1.2.tgz 1554ms (cache miss)
1873 http fetch GET 200 https://registry.npmjs.org/mime-db/-/mime-db-1.52.0.tgz 1533ms (cache miss)
1874 http fetch GET 200 https://registry.npmjs.org/negotiator/-/negotiator-0.6.3.tgz 1540ms (cache miss)
1875 http fetch GET 200 https://registry.npmjs.org/cliui/-/cliui-7.0.4.tgz 1528ms (cache miss)
1876 http fetch GET 200 https://registry.npmjs.org/form-data/-/form-data-4.0.5.tgz 1578ms (cache miss)
1877 silly packumentCache corgi:https://registry.npmjs.org/json-server-auth cache-miss
1878 http fetch GET 200 https://registry.npmjs.org/@vue/runtime-dom/-/runtime-dom-3.5.34.tgz 1655ms (cache miss)
1879 http fetch GET 200 https://registry.npmjs.org/has-symbols/-/has-symbols-1.1.0.tgz 1632ms (cache miss)
1880 http fetch GET 200 https://registry.npmjs.org/@babel/parser/-/parser-7.29.7.tgz 1706ms (cache miss)
1881 http fetch GET 200 https://registry.npmjs.org/@rollup/rollup-win32-x64-gnu/-/rollup-win32-x64-gnu-4.60.4.tgz 1712ms (cache miss)
1882 http fetch GET 200 https://registry.npmjs.org/debug/-/debug-3.1.0.tgz 1645ms (cache miss)
1883 http fetch GET 200 https://registry.npmjs.org/call-bind-apply-helpers/-/call-bind-apply-helpers-1.0.2.tgz 1663ms (cache miss)
1884 http fetch GET 200 https://registry.npmjs.org/debug/-/debug-2.6.9.tgz 1663ms (cache miss)
1885 http fetch GET 200 https://registry.npmjs.org/debug/-/debug-2.6.9.tgz 1666ms (cache miss)
1886 http fetch GET 200 https://registry.npmjs.org/debug/-/debug-2.6.9.tgz 1672ms (cache miss)
1887 http fetch GET 200 https://registry.npmjs.org/yargs-parser/-/yargs-parser-20.2.9.tgz 1634ms (cache miss)
1888 http fetch GET 200 https://registry.npmjs.org/debug/-/debug-2.6.9.tgz 1676ms (cache miss)
1889 http fetch GET 200 https://registry.npmjs.org/debug/-/debug-2.6.9.tgz 1678ms (cache miss)
1890 http fetch GET 200 https://registry.npmjs.org/debug/-/debug-2.6.9.tgz 1681ms (cache miss)
1891 http fetch GET 200 https://registry.npmjs.org/express/-/express-4.22.2.tgz 1711ms (cache miss)
1892 http fetch GET 200 https://registry.npmjs.org/@vue/compiler-sfc/-/compiler-sfc-3.5.34.tgz 1779ms (cache miss)
1893 http fetch GET 200 https://registry.npmjs.org/json-server-auth/-/json-server-auth-2.1.0.tgz 1707ms (cache miss)
1894 http fetch GET 200 https://registry.npmjs.org/qs/-/qs-6.15.2.tgz 1745ms (cache miss)
1895 http fetch GET 200 https://registry.npmjs.org/@rollup/rollup-win32-x64-msvc/-/rollup-win32-x64-msvc-4.60.4.tgz 1801ms (cache miss)
1896 http fetch GET 200 https://registry.npmjs.org/nanoid/-/nanoid-3.3.12.tgz 1762ms (cache miss)
1897 http fetch GET 200 https://registry.npmjs.org/object-inspect/-/object-inspect-1.13.4.tgz 1821ms (cache miss)
1898 http fetch GET 200 https://registry.npmjs.org/bcryptjs/-/bcryptjs-2.4.3.tgz 1825ms (cache miss)
1899 http fetch GET 200 https://registry.npmjs.org/vue-router/-/vue-router-4.6.4.tgz 1797ms (cache miss)
1900 http fetch GET 200 https://registry.npmjs.org/iconv-lite/-/iconv-lite-0.4.24.tgz 1830ms (cache miss)
1901 http fetch GET 200 https://registry.npmjs.org/json-server/-/json-server-0.17.4.tgz 1856ms (cache miss)
1902 http fetch GET 200 https://registry.npmjs.org/postcss/-/postcss-8.5.15.tgz 1961ms (cache miss)
1903 http fetch GET 200 https://registry.npmjs.org/json-server-auth 342ms (cache miss)
1904 silly packumentCache corgi:https://registry.npmjs.org/json-server-auth set size:undefined disposed:false
1905 http fetch GET 200 https://registry.npmjs.org/rollup/-/rollup-4.60.4.tgz 1997ms (cache miss)
1906 http fetch GET 200 https://registry.npmjs.org/vue/-/vue-3.5.34.tgz 1989ms (cache miss)
1907 http fetch GET 200 https://registry.npmjs.org/yargs/-/yargs-17.7.2.tgz 2041ms (cache miss)
1908 http fetch GET 200 https://registry.npmjs.org/yargs/-/yargs-16.2.0.tgz 1970ms (cache miss)
1909 http fetch GET 200 https://registry.npmjs.org/@esbuild/win32-x64/-/win32-x64-0.25.12.tgz 2146ms (cache miss)
1910 http fetch GET 200 https://registry.npmjs.org/vite/-/vite-6.4.2.tgz 2094ms (cache miss)
1911 http fetch GET 200 https://registry.npmjs.org/entities/-/entities-7.0.1.tgz 2259ms (cache miss)
1912 http fetch GET 200 https://registry.npmjs.org/axios/-/axios-1.16.1.tgz 2206ms (cache miss)
1913 http fetch GET 200 https://registry.npmjs.org/@vitejs/plugin-vue/-/plugin-vue-5.2.4.tgz 2322ms (cache miss)
1914 http fetch GET 200 https://registry.npmjs.org/@babel/types/-/types-7.29.7.tgz 2443ms (cache miss)
1915 http fetch GET 200 https://registry.npmjs.org/lodash/-/lodash-4.18.1.tgz 3242ms (cache miss)
1916 info run esbuild@0.25.12 postinstall node_modules/esbuild node install.js
1917 info run esbuild@0.25.12 postinstall { code: 0, signal: null }
1918 silly ADD node_modules/isarray
1919 silly ADD node_modules/ansi-regex
1920 silly ADD node_modules/is-fullwidth-code-point
1921 silly ADD node_modules/emoji-regex
1922 silly ADD node_modules/wrap-ansi
1923 silly ADD node_modules/strip-ansi
1924 silly ADD node_modules/yargs-parser
1925 silly ADD node_modules/y18n
1926 silly ADD node_modules/string-width
1927 silly ADD node_modules/require-directory
1928 silly ADD node_modules/get-caller-file
1929 silly ADD node_modules/escalade
1930 silly ADD node_modules/cliui
1931 silly ADD node_modules/@vue/devtools-api
1932 silly ADD node_modules/@jridgewell/sourcemap-codec
1933 silly ADD node_modules/csstype
1934 silly ADD node_modules/@vue/runtime-core
1935 silly ADD node_modules/@vue/reactivity
1936 silly ADD node_modules/magic-string
1937 silly ADD node_modules/@vue/compiler-ssr
1938 silly ADD node_modules/@babel/helper-validator-identifier
1939 silly ADD node_modules/@babel/helper-string-parser
1940 silly ADD node_modules/@babel/types
1941 silly ADD node_modules/estree-walker
1942 silly ADD node_modules/entities
1943 silly ADD node_modules/@babel/parser
1944 silly ADD node_modules/@vue/compiler-core
1945 silly ADD node_modules/@vue/shared
1946 silly ADD node_modules/@vue/server-renderer
1947 silly ADD node_modules/@vue/runtime-dom
1948 silly ADD node_modules/@vue/compiler-sfc
1949 silly ADD node_modules/@vue/compiler-dom
1950 silly ADD node_modules/@types/estree
1951 silly ADD node_modules/@rollup/rollup-win32-x64-msvc
1952 silly ADD node_modules/@rollup/rollup-win32-x64-gnu
1953 silly ADD node_modules/source-map-js
1954 silly ADD node_modules/picocolors
1955 silly ADD node_modules/@esbuild/win32-x64
1956 silly ADD node_modules/tinyglobby
1957 silly ADD node_modules/rollup
1958 silly ADD node_modules/postcss
1959 silly ADD node_modules/picomatch
1960 silly ADD node_modules/fdir
1961 silly ADD node_modules/esbuild
1962 silly ADD node_modules/media-typer
1963 silly ADD node_modules/has-flag
1964 silly ADD node_modules/call-bound
1965 silly ADD node_modules/side-channel-weakmap
1966 silly ADD node_modules/side-channel-map
1967 silly ADD node_modules/side-channel-list
1968 silly ADD node_modules/object-inspect
1969 silly ADD node_modules/mime
1970 silly ADD node_modules/side-channel
1971 silly ADD node_modules/ipaddr.js
1972 silly ADD node_modules/forwarded
1973 silly ADD node_modules/semver-compare
1974 silly ADD node_modules/ee-first
1975 silly ADD node_modules/basic-auth
1976 silly ADD node_modules/basic-auth/node_modules/safe-buffer
1977 silly ADD node_modules/steno
1978 silly ADD node_modules/pify
1979 silly ADD node_modules/is-promise
1980 silly ADD node_modules/graceful-fs
1981 silly ADD node_modules/ecdsa-sig-formatter
1982 silly ADD node_modules/buffer-equal-constant-time
1983 silly ADD node_modules/jwa
1984 silly ADD node_modules/semver
1985 silly ADD node_modules/lodash.once
1986 silly ADD node_modules/lodash.isstring
1987 silly ADD node_modules/lodash.isplainobject
1988 silly ADD node_modules/lodash.isnumber
1989 silly ADD node_modules/lodash.isinteger
1990 silly ADD node_modules/lodash.isboolean
1991 silly ADD node_modules/lodash.includes
1992 silly ADD node_modules/jws
1993 silly ADD node_modules/jsonwebtoken
1994 silly ADD node_modules/bcryptjs
1995 silly ADD node_modules/jju
1996 silly ADD node_modules/safer-buffer
1997 silly ADD node_modules/toidentifier
1998 silly ADD node_modules/inherits
1999 silly ADD node_modules/utils-merge
2000 silly ADD node_modules/statuses
2001 silly ADD node_modules/setprototypeof
2002 silly ADD node_modules/serve-static
2003 silly ADD node_modules/send
2004 silly ADD node_modules/send/node_modules/debug
2005 silly ADD node_modules/send/node_modules/debug/node_modules/ms
2006 silly ADD node_modules/range-parser
2007 silly ADD node_modules/proxy-addr
2008 silly ADD node_modules/path-to-regexp
2009 silly ADD node_modules/parseurl
2010 silly ADD node_modules/methods
2011 silly ADD node_modules/merge-descriptors
2012 silly ADD node_modules/fresh
2013 silly ADD node_modules/finalhandler
2014 silly ADD node_modules/finalhandler/node_modules/ms
2015 silly ADD node_modules/finalhandler/node_modules/debug
2016 silly ADD node_modules/etag
2017 silly ADD node_modules/encodeurl
2018 silly ADD node_modules/cookie-signature
2019 silly ADD node_modules/cookie
2020 silly ADD node_modules/content-disposition
2021 silly ADD node_modules/array-flatten
2022 silly ADD node_modules/escape-html
2023 silly ADD node_modules/accepts
2024 silly ADD node_modules/accepts/node_modules/negotiator
2025 silly ADD node_modules/object-assign
2026 silly ADD node_modules/mime-db
2027 silly ADD node_modules/vary
2028 silly ADD node_modules/safe-buffer
2029 silly ADD node_modules/on-headers
2030 silly ADD node_modules/negotiator
2031 silly ADD node_modules/compressible
2032 silly ADD node_modules/color-name
2033 silly ADD node_modules/color-convert
2034 silly ADD node_modules/supports-color
2035 silly ADD node_modules/ansi-styles
2036 silly ADD node_modules/unpipe
2037 silly ADD node_modules/type-is
2038 silly ADD node_modules/raw-body
2039 silly ADD node_modules/qs
2040 silly ADD node_modules/on-finished
2041 silly ADD node_modules/iconv-lite
2042 silly ADD node_modules/http-errors
2043 silly ADD node_modules/destroy
2044 silly ADD node_modules/depd
2045 silly ADD node_modules/content-type
2046 silly ADD node_modules/bytes
2047 silly ADD node_modules/yargs
2048 silly ADD node_modules/server-destroy
2049 silly ADD node_modules/pluralize
2050 silly ADD node_modules/please-upgrade-node
2051 silly ADD node_modules/nanoid
2052 silly ADD node_modules/morgan
2053 silly ADD node_modules/morgan/node_modules/ms
2054 silly ADD node_modules/morgan/node_modules/on-finished
2055 silly ADD node_modules/morgan/node_modules/debug
2056 silly ADD node_modules/method-override
2057 silly ADD node_modules/method-override/node_modules/ms
2058 silly ADD node_modules/method-override/node_modules/debug
2059 silly ADD node_modules/lowdb
2060 silly ADD node_modules/lodash-id
2061 silly ADD node_modules/lodash
2062 silly ADD node_modules/json-parse-helpfulerror
2063 silly ADD node_modules/express-urlrewrite
2064 silly ADD node_modules/express-urlrewrite/node_modules/path-to-regexp
2065 silly ADD node_modules/express
2066 silly ADD node_modules/express/node_modules/ms
2067 silly ADD node_modules/express/node_modules/debug
2068 silly ADD node_modules/errorhandler
2069 silly ADD node_modules/cors
2070 silly ADD node_modules/connect-pause
2071 silly ADD node_modules/compression
2072 silly ADD node_modules/compression/node_modules/ms
2073 silly ADD node_modules/compression/node_modules/debug
2074 silly ADD node_modules/chalk
2075 silly ADD node_modules/body-parser
2076 silly ADD node_modules/body-parser/node_modules/ms
2077 silly ADD node_modules/body-parser/node_modules/debug
2078 silly ADD node_modules/ms
2079 silly ADD node_modules/debug
2080 silly ADD node_modules/agent-base
2081 silly ADD node_modules/dunder-proto
2082 silly ADD node_modules/math-intrinsics
2083 silly ADD node_modules/has-symbols
2084 silly ADD node_modules/gopd
2085 silly ADD node_modules/get-proto
2086 silly ADD node_modules/function-bind
2087 silly ADD node_modules/es-object-atoms
2088 silly ADD node_modules/es-define-property
2089 silly ADD node_modules/call-bind-apply-helpers
2090 silly ADD node_modules/has-tostringtag
2091 silly ADD node_modules/get-intrinsic
2092 silly ADD node_modules/es-errors
2093 silly ADD node_modules/delayed-stream
2094 silly ADD node_modules/mime-types
2095 silly ADD node_modules/mime-types/node_modules/mime-db
2096 silly ADD node_modules/hasown
2097 silly ADD node_modules/es-set-tostringtag
2098 silly ADD node_modules/combined-stream
2099 silly ADD node_modules/asynckit
2100 silly ADD node_modules/proxy-from-env
2101 silly ADD node_modules/https-proxy-agent
2102 silly ADD node_modules/form-data
2103 silly ADD node_modules/follow-redirects
2104 silly ADD node_modules/vue-router
2105 silly ADD node_modules/json-server-auth
2106 silly ADD node_modules/json-server-auth/node_modules/yargs-parser
2107 silly ADD node_modules/json-server-auth/node_modules/cliui
2108 silly ADD node_modules/json-server-auth/node_modules/yargs
2109 silly ADD node_modules/json-server
2110 silly ADD node_modules/axios
2111 silly ADD node_modules/vite
2112 silly ADD node_modules/vue
2113 silly ADD node_modules/@vitejs/plugin-vue
2114 verbose cwd C:\Users\X1mon\WebstormProjects\ITMO-AIT-Frontend-2026\J3211\Быков Владимир\labs\lab3
2115 verbose os Windows_NT 10.0.26200
2116 verbose node v24.15.0
2117 verbose npm  v11.12.1
2118 notice
2118 notice New minor version of npm available! 11.12.1 -> 11.15.0
2118 notice Changelog: https://github.com/npm/cli/releases/tag/v11.15.0
2118 notice To update run: npm install -g npm@11.15.0
2118 notice  { force: true, Symbol(proc-log.meta): true }
2119 verbose exit 0
2120 info ok
